Abbediengen terrasse,Ullern
Abbediengveien,Ullern
Abbedikollen,Ullern
Abbedisvingen,Ullern
Abels gate,Frogner
Abels gate,Frogner
Abildsøfaret,Østensjø
Abildsøveien,Østensjø
Adam Hiorths vei,Grünerløkka
Admiral Børresens vei,Frogner
Adolf Hedins vei,Alna / Østensjø
Adventveien,Ullern
Agathe Grøndahls gate,Sagene
Agdergata,Gamle Oslo
Agmund Bolts vei,Alna
Agronomveien,Østensjø
Akebakkeskogen,Nordre Aker
Akerlia,Grorud
Akersbakken,St. Hanshaugen
Akersborg terrasse,Nordre Aker
Akersgata,Sentrum / St. Hanshaugen
Akershusstranda,Sentrum
Akersveien,St. Hanshaugen
Alfaset 1. industrivei,Alna
Alfaset 2. industrivei,Alna
Alfaset 3. industrivei,Alna
Alfasetveien,Alna
Alf Bjerckes vei,Bjerke
Alfred Groruds vei,Grorud
Algier,Sentrum
Almeveien,Nordre Aker
Alnabruveien,Alna
Alnafetgata,Gamle Oslo
Alnagata,Gamle Oslo
Alnaparkveien,Alna
Alundamveien,Grorud
Alunsjøveien,Grorud
Alvheimveien,Nordstrand
Amagerveien,Vestre Aker
Ammerudgrenda,Grorud
Ammerudhellinga,Grorud
Ammerudveien,Grorud
Amtmann Meinichs gate,Sagene
Amund Hellands vei,Nordstrand
Amunds vei,Stovner
Anders Winsvolds vei,Grünerløkka
Andreas Kremmers vei,Stovner
Ankerveien,Vestre Aker
Anna Pleyms vei,Stovner
Anna Rogstads vei,Bjerke
Anna Sethnes gate,Sagene
Anne Brannfjelds vei,Nordstrand
Anne Kures sti,Vestre Aker
Anne Maries vei,Vestre Aker
Ansgar Sørlies vei,Grünerløkka
Antenneveien,Nordstrand
Anton Schjøths gate,St. Hanshaugen
Anton Tschudis vei,Bjerke
Apalveien,Frogner
Apalløkkveien,Grorud
Apotekergata,St. Hanshaugen
Arbeidergata,Sentrum
Arbins gate,Frogner
Arbos gate,Frogner
Arctanders gate,Gamle Oslo
Arendalsgata,Sagene
Arilds vei,Nordre Aker
Arildsvingen,Nordre Aker
Arkitekt Steckmests vei,Nordstrand
Armauer Hansens gate,St. Hanshaugen
Arnebråtveien,Vestre Aker
Arne Garborgs vei,Østensjø
Arnes vei,Nordre Aker
Arnljot Gellines vei,Gamle Oslo
Arnstein Arnebergs vei,Ullern
Arnulf Øverlands vei,Vestre Aker
Arthur Nordlies vei,Grorud
Arups gate,Gamle Oslo
Arvesetveien,Alna
Asalveien,Nordre Aker
Asbjørnsens gate,St. Hanshaugen / Sagene
Asbjørnsens gate,Frogner
Asbjørnsens vei,Nordre Aker
Aschehougs vei,Nordre Aker
Askekroken,Ullern
Askeladdveien,Nordre Aker
Askergata,Sagene
Askeveien,Ullern
Aslakveien,Vestre Aker
Aslaug Vaas veg,Vestre Aker
Aspehaugveien,Vestre Aker
Asperudlia,Søndre Nordstrand
Asperudtoppen,Søndre Nordstrand
Asperudveien,Søndre Nordstrand
Asperudåsen,Søndre Nordstrand
Aspestien,Nordstrand
Astrids vei,Ullern
Auberts gate,Grünerløkka
Aud Schønemanns vei,Grünerløkka
August Cappelens gate,St. Hanshaugen
Aurskoggata,Gamle Oslo
Austliveien,Vestre Aker
Avlangruds vei,Søndre Nordstrand
Avstikkeren,Nordstrand
Axel Brinchs vei,Østensjø
Axel Flinders vei,Nordstrand
Axel Huitfeldts vei,Nordstrand
Axel Maurers vei,Grünerløkka
Badebakken,Sagene
Badehusgaten,Frogner
Badstugata,St. Hanshaugen
Bagerengveien,Gamle Oslo
Baglerfaret,Nordstrand
Baglerstredet,Gamle Oslo
Bakkehaugveien,Nordre Aker
Bakkerudveien,Nordstrand
Bakketoppen,Nordstrand
Bakkeveien,Ullern
Balchens gate,Frogner
Balders gate,Frogner
Ballplassveien,Nordstrand
Bamseveien,Vestre Aker
Baneveien,Østensjø
Banksjef Frølichs gate,St. Hanshaugen
Barliveien,Nordre Aker
Barnehjemsveien,Nordstrand
Barnålveien,Nordstrand
Bauneveien,Nordstrand
Beddingen,Frogner
Bedriftsveien,Grorud
Behrens’ gate,Frogner
Beiteveien,Østensjø
Bekkefaret,Ullern
Bekkelagskaia,Nordstrand
Bekkelagsterrassen,Nordstrand
Bekkelagsveien,Nordstrand
Bekkelibakken,Ullern
Bekkelikroken,Ullern
Bekkelistubben,Ullern
Bekkeliveien,Ullern
Bekkenstenveien,Grorud
Bekkeveien,Østensjø
Bekkevollveien,Stovner
Belgerudveien,Grorud
Benneches gate,St. Hanshaugen
Bentsebrugata,Sagene
Bentsegata,Sagene
Benveien,Nordstrand
Bergendalsveien,Oslomarka
Bergensgata,Sagene
Bergensveien,Grorud
Berggaten,St. Hanshaugen
Bergkrystallen,Nordstrand
Bergljots vei,Grünerløkka
Berglyveien,Søndre Nordstrand
Bergrådveien,Nordre Aker
Bergsalléen,Nordre Aker
Bergslia,Nordre Aker
Bergsliens gate,Frogner
Bergstien,St. Hanshaugen
Bergtunveien,Stovner
Bergverksgata,Grünerløkka
Bernhard Getz' gate,St. Hanshaugen
Bernhard Herres vei,Vestre Aker
Bernhusveien,Nordstrand
Bernt Ankers gate,St. Hanshaugen
Bernt Knudsens vei,Nordstrand
Bertramjordet,Søndre Nordstrand
Bertrand Narvesens vei,Gamle Oslo / Grünerløkka
Bestemorstien,Nordstrand
Bestum skolevei,Ullern
Bestumstubben,Ullern
Bestum tverrvei,Ullern
Bestumveien,Ullern
Bestumåsen,Ullern
Betzy Kjelsbergs vei,Nordre Aker
Beverkollen,Søndre Nordstrand
Beverveien,Bjerke
Bidenkaps gate,St. Hanshaugen
Biermanns gate,Sagene
Bikuben,Stovner
Bilittkroken,Søndre Nordstrand
Binneveien,Vestre Aker
Birch-Reichenwalds gate,Sagene
Birger Olivers vei,Nordstrand
Birger Aaneruds vei,Oslomarka
Birgitte Hammers vei,Nordstrand
Birkebeingata,Gamle Oslo
Biskop Grimelunds vei,Vestre Aker
Biskop Gunnerus' gate,Sentrum
Biskop Heuchs vei,Nordre Aker
Biskop Jens Nilssøns gate,Gamle Oslo
Bislettgata,St. Hanshaugen
Bispegata,Sentrum / Gamle Oslo
Bispeluelia,Søndre Nordstrand
Bisp Nikolas' gate,Gamle Oslo
Bjartveien,Østensjø
Bjerggaten,St. Hanshaugen
Bjerkastien,Grorud
Bjerkealléen,Nordre Aker
Bjerkebakken,Vestre Aker
Bjerkefaret,Nordstrand
Bjerkelia,Nordstrand
Bjerkeliveien,Stovner
Bjerkelundgata,Grünerløkka
Bjerregaards gate,St. Hanshaugen
Bjerringbakken,Nordstrand
Bjølsengata,Sagene
Bjørkehavna,Oslomarka
Bjørn Bondes vei,Søndre Nordstrand
Bjørndalsjordet,Søndre Nordstrand
Bjørnefaret,Søndre Nordstrand
Bjørnehiet,Vestre Aker
Bjørnerabben,Ullern
Bjørnerudveien,Søndre Nordstrand
Bjørn Farmanns gate,Frogner
Bjørnheimveien,Stovner
Bjørn Lies vei,Søndre Nordstrand
Bjørn Magnussons vei,Søndre Nordstrand
Bjørnslettstubben,Ullern
Bjørnslettveien,Ullern
Bjørnstadbakken,Alna
Bjørn Stallares vei,Grünerløkka
Bjørnveien,Vestre Aker
Bjørnåsveien,Søndre Nordstrand
Blakkens vei,Søndre Nordstrand
Blindernveien,St. Hanshaugen / Nordre Aker
Blokkaveien,Ullern
Blytts gate,Grünerløkka
Blåbærsvingen,Vestre Aker
Blåsbortveien,Nordre Aker
Blåskjellveien,Nordstrand
Blåveisbakken,Vestre Aker
Bodøgata,Grünerløkka
Boecks gate,Gamle Oslo
Bogerudslyngen,Østensjø
Bogerudveien,Østensjø
Bogstadveien,Frogner
Bolette brygge,Frogner
Bolteløkka allé,St. Hanshaugen
Bomveien,Oslomarka
Borgenbakken,Vestre Aker
Borgensgangen,Grünerløkka
Borgenveien,Vestre Aker
Borger Withs gate,Sagene
Borgestadveien,Nordre Aker
Borggata,Gamle Oslo
Brageveien,St. Hanshaugen
Brandts gate,St. Hanshaugen
Brannfjellveien,Nordstrand
Brannvaktveien,Nordre Aker
Brantenborgveien,Vestre Aker
Brattbakken,Nordstrand
Brattelia,Nordre Aker
Brattlistubben,Søndre Nordstrand
Brattoddveien,Nordstrand
Brattvollveien,Nordstrand
Bredes vei,Stovner
Bredo Stabells vei,Nordre Aker
Bredtvetveien,Bjerke
Bregneveien,Nordre Aker
Breidablikkveien,Nordstrand
Breiens vei,Nordstrand
Breigata,Gamle Oslo
Breisjåveien,Grünerløkka
Breivollveien,Alna
Brekkelia,Nordre Aker
Brekkeveien,Nordre Aker
Brennagrenda,Søndre Nordstrand
Brennastubben,Søndre Nordstrand
Brennaveien,Søndre Nordstrand
Brenneriveien,Grünerløkka
Brettevilles gate,Sagene
Brinken,Gamle Oslo
Briskebyveien,Frogner
Briskeveien,Nordstrand
Brobekkveien,Bjerke
Brochmanns gate,Sagene
Brolandsveien,Stovner
Brubakkveien,Alna
Brugata,Sentrum / Grünerløkka
Brunas vei,Søndre Nordstrand
Bruns gate,Gamle Oslo
Bryggegangen,Sentrum
Bryggegangen,Frogner
Bryggegata,Frogner
Brynjeveien,Nordre Aker
Brynsalléen,Alna
Brynsengfaret,Alna / Gamle Oslo
Brynsengveien,Alna
Brynshøgda,Gamle Oslo / Alna
Brynsveien,Gamle Oslo
Brønnveien,Ullern
Bråtenalléen,Nordre Aker
Bueveien,Nordre Aker
Bukken Bruses vei,Nordre Aker
Bygdøy allé,Frogner
Bygdøy kapellvei,Frogner
Bygdøy terrasse,Frogner
Bygdøylund,Frogner
Bygdøynesveien,Frogner
Bygdøyveien,Frogner
Byggveien,Østensjø
Byklevegen,Alna
Byveien,Oslomarka
Bærumsveien,Ullern
Bøgata,Gamle Oslo
Bøkkerveien,Grünerløkka
Bølerbakken,Østensjø
Bølerlia,Østensjø
Bølerskogen,Østensjø
Bølerskrenten,Østensjø
Bølersletta,Østensjø
Bølersvingen,Østensjø
Bølerveien,Østensjø
Børrestuveien,Vestre Aker
Børsteveien,Grünerløkka
Båhusveien,Grünerløkka
Bålveien,Nordre Aker
Bånkallstubben,Stovner
Båntjernveien,Vestre Aker / Oslomarka
Bård Skolemesters vei,Bjerke
Calmeyers gate,St. Hanshaugen
Camilla Colletts vei,Frogner
C. A. Pihls gate,Frogner
Cappelens vei,Nordstrand
Carl Grøndahls vei,Nordre Aker
Carl Jeppesens gate,Sagene
Carl Kjelsens vei,Nordre Aker
Carl Lundgrens vei,Ullern
Casparis gate,St. Hanshaugen
Caspar Storms vei,Alna
Cathinka Guldbergs vei,St. Hanshaugen
Cato Guldbergs vei,Frogner
C. A. Torstensens vei,Ullern
Cecilie Thoresens vei,Nordstrand
Charlotte Andersens vei,Vestre Aker
Christen Smiths gate,Gamle Oslo
Christian Benneches vei,Frogner
Christian Frederiks vei,Frogner
Christian Krohgs gate,Grünerløkka
Christian Michelsens gate,Grünerløkka
Christian Schous vei,Nordre Aker
Christies gate,Grünerløkka
Christoffer Hellums vei,Grorud
Christopher Hansteens vei,Nordre Aker
Christophers vei,Nordre Aker
Claus Borchs vei,Nordre Aker
Claus Riis' gate,Sagene
Clemens' gate,Gamle Oslo
Colbjørnsens gate,Frogner
Colletts gate,St. Hanshaugen / Sagene
Conrad Hemsens vei,Frogner
Conradis gate,Grünerløkka
Cort Adelers gate,Frogner
Dagalikroken,Vestre Aker
Dagalistien,Vestre Aker
Dagaliveien,Vestre Aker
Dag Hammarskjölds vei,Bjerke
Dagmarbakken,Grorud
Dalbakkveien,Østensjø
Dalehaugen,Gamle Oslo
Dalerudveien,Østensjø
Dalheimveien,Nordstrand
Dalsbergstien,St. Hanshaugen
Dalskroken,Vestre Aker
Dalsløkka,Søndre Nordstrand
Dalsnaret,Nordstrand
Dalsroa,Søndre Nordstrand
Dalssvingen,Søndre Nordstrand
Dalsveien,Vestre Aker
Dalsåsen,Søndre Nordstrand
Damfaret,Østensjø
Damkroken,Vestre Aker
Damlihaugen,Ullern
Damliveien,Ullern
Dammanns vei,Frogner
Damstredet,St. Hanshaugen
Damveien,Nordre Aker
Daniel Walstads vei,Nordre Aker
Danmarks gate,Gamle Oslo
Dannevigsveien,Sagene
Darres gate,Grünerløkka
Deichmans gate,St. Hanshaugen / Grünerløkka
Delebekken,Søndre Nordstrand
Diakonveien,Vestre Aker
Diriks' gate,St. Hanshaugen
Disengrenda,Nordre Aker
Disenveien,Nordre Aker
Dokkveien,Frogner
Doktor Baches vei,Ullern
Doktor Holms vei,Vestre Aker
Doktor Kloumanns vei,Grorud
Doktor Londons vei,Grorud
Doktor Rustads vei,Ullern
Doktor Smiths vei,Nordre Aker
Dops gate,St. Hanshaugen
Dorthes vei,Frogner
Dovregata,St. Hanshaugen
Dovresvingen,Nordstrand
Dragonstien,Alna
Drammensveien,Frogner / Ullern
Dr. Dedichens vei,Alna
Drivhusveien,Østensjø
Dronning Astrids gate,Frogner
Dronning Blancas vei,Frogner
Dronningen,Frogner
Dronningens gate,Sentrum
Dronning Eufemias gate,Gamle Oslo / Sentrum
Dronninghavnveien,Frogner
Dronning Margretes vei,Grünerløkka
Dronning Mauds gate,Sentrum
Drøbakgata,Sagene
Dråga,Nordstrand
Duehaugveien,Nordre Aker
Duggveien,Alna
Dugnadsveien,Bjerke
Dunkers gate,Frogner
Dybwads gate,Frogner
Dyna brygge,Frogner
Dynekilgata,Grünerløkka
Dyretråkket,Søndre Nordstrand
Dyrlandsveien,Nordre Aker
Dyvekes vei,Gamle Oslo
Dælenenggata,Grünerløkka
Dølerudveien,Oslomarka
Daas gate,Frogner
Ebbells gate,St. Hanshaugen
Eckersbergs gate,Frogner
Eddaveien,Vestre Aker
Edmund Neuperts gate,Sagene
Edvard Griegs allé,Sagene
Edvard Munchs vei,Alna
Edvard Storms gate,Sentrum
Eftasåsen,Østensjø
Egedes gate,Gamle Oslo
Egnehjemveien,Gamle Oslo
Egon Olsens allé,Gamle Oslo
Eikelundveien,Nordre Aker / Bjerke
Eikenga,Grünerløkka
Eikeveien,Nordstrand
Eilert Smiths vei,Alna
Eilert Sundts gate,Frogner
Einar Høigårds vei,Nordre Aker
Einar Skjæraasens vei,Vestre Aker
Einars vei,Grünerløkka
Eindrides vei,Grünerløkka
Einerveien,Nordstrand
Eirik Raudes vei,Gamle Oslo
Eiriks gate,Gamle Oslo
Eivind Astrups gate,Frogner
Ekebergstien,Nordstrand
Ekebergveien,Gamle Oslo / Nordstrand
Ekelyveien,Vestre Aker
Ekornveien,Vestre Aker
Ekraveien,Vestre Aker
Elgtråkket,Søndre Nordstrand
Elgveien,Nordre Aker
Elias Blix' gate,St. Hanshaugen
Elisenbergveien,Frogner
Ellefs vei,Stovner
Ellen Gleditsch' vei,Stovner
Ellingsrudveien,Stovner
Elmholt allé,Ullern
Elmholtveien,Ullern
Elsters gate,Frogner
Eltonveien,Bjerke
Elvefaret,Vestre Aker
Elvegangene,Sentrum
Elvegata,Sentrum
Elveliveien,Oslomarka
Elverumgata,Gamle Oslo
Emil Korsmos vei,Østensjø
Enebakkveien,Gamle Oslo / Nordstrand / Østensjø / Søndre Nordstrand
Enebostubben,Stovner
Eneboveien,Stovner
Enerhauggata,Gamle Oslo
Enerhaugkleiva,Gamle Oslo
Engebrets vei,Ullern
Engebråtveien,Nordre Aker
Engveien,Nordre Aker
Enoks vei,Nordstrand
Ensjøsvingen,Gamle Oslo
Ensjøveien,Gamle Oslo
Erich Mogensøns vei,Bjerke
Erika Nissens gate,Sagene
Erlandstuveien,Nordstrand
Erlends vei,Alna
Erling Michelsens vei,Alna
Erling Schiøtz’ vei,Nordstrand
Erlings gate,Gamle Oslo
Erling Skjalgssons gate,Frogner
Essendrops gate,Frogner
Eterveien,Østensjø
Etterstadgata,Gamle Oslo
Etterstadkroken,Gamle Oslo
Etterstadsletta,Gamle Oslo
Eugéne Hanssens gate,St. Hanshaugen
Eugenies gate,St. Hanshaugen
Europaveien,Nordstrand / Østensjø / Søndre Nordstrand
Eva Kolstads gate,St. Hanshaugen
Evald Ryghs gate,St. Hanshaugen
Evens gate,Gamle Oslo
Eventyrveien,Nordre Aker
Eystein Torkildsens vei,Nordstrand
Fabrikkgata,Frogner
Fabritiusalléen,Vestre Aker
Fagerborggata,Frogner / St. Hanshaugen
Fagerheimgata,Sagene / Grünerløkka
Fagerlia,Østensjø
Fagerlitrappa,Østensjø
Fagerliveien,Nordre Aker
Fagertunveien,Ullern
Fahlstrøms terrasse,Vestre Aker
Falbes gate,St. Hanshaugen
Fallanveien,Nordre Aker
Falsens gate,Grünerløkka
Fastings gate,St. Hanshaugen
Fattigstugangen,Grünerløkka
Fauchalds gate,Frogner
Faunveien,Vestre Aker
Fayes gate,St. Hanshaugen
Fearnleys gate,Frogner
Feddersens gate,Sagene
Feltspatveien,Nordstrand
Fernanda Nissens gate,Nordre Aker
Fetsundgata,Gamle Oslo
Filerveien,Østensjø
Filips gate,Gamle Oslo
Filipstad brygge,Frogner
Filipstadveien,Frogner
Filosofgangen,Sentrum
Finnhaugveien,Vestre Aker
Finnmarkgata,Grünerløkka
Finns vei,Grünerløkka
Fiolveien,Nordstrand
Firkløverveien,Ullern
Fiskekroken,Nordstrand
Fisker Syversens vei,Nordstrand
Fjeldhøikroken,Alna
Fjellgata,Grünerløkka
Fjellhus allé,Alna
Fjellhøiveien,Grorud
Fjellklangveien,Nordstrand
Fjellknattveien,Nordre Aker
Fjellstien,Nordre Aker
Fjellstuveien,Stovner
Fjordalleen,Frogner
Fjordgløttveien,Grünerløkka
Fjordveien,Nordstrand
Fjørtofts gate,Sagene
Flaengrenda,Grorud
Flaenveien,Grorud
Flatengen,Gamle Oslo
Flesåstunet,Nordre Aker
Flesåsveien,Nordre Aker
Flintoes gate,St. Hanshaugen
Flisberget,Gamle Oslo
Florabakken,Nordstrand
Flyveien,Vestre Aker
Folke Bernadottes vei,Nordre Aker
Folketeaterpassasjen,St. Hanshaugen
Folkvangveien,Stovner
Formerveien,Østensjø
Forskningsveien,Vestre Aker
Fossefaret,Vestre Aker
Fossilveien,Nordstrand
Fossumberget,Stovner
Fossumkroken,Stovner
Fossumveien,Stovner
Fossveien,Grünerløkka
Fougners vei,Grünerløkka
Fougstads gate,St. Hanshaugen
Framnes terrasse,Frogner
Framnesveien,Frogner
Framveien,Nordstrand
Francis Hagerups gate,St. Hanshaugen
Frantzebråtveien,Ullern
Fredensborgveien,St. Hanshaugen / Grünerløkka
Frederik Glads gate,Sagene
Frederiks gate,Sentrum
Frederik Stangs gate,Frogner
Fredheimveien,Stovner
Fred. Olsens gate,Sentrum
Frederik Haslunds gate,Grünerløkka
Fredrikke Qvams gate,St. Hanshaugen
Fredrik Petersens gate,St. Hanshaugen
Fredriksborgveien,Frogner
Fredrik Selmers vei,Gamle Oslo
Fredveien,Nordstrand
Freidigveien,Nordstrand
Frenningfaret,Nordre Aker
Frennings vei,Nordre Aker
Freserveien,Gamle Oslo
Frichs gate,St. Hanshaugen
Fridtjof Nansens vei,Frogner / Ullern
Fridtjovs gate,Gamle Oslo
Frierveien,Nordstrand
Friggs vei,Nordre Aker
Friis' gate,Gamle Oslo
Frimanns gate,St. Hanshaugen
Frits Kiærs vei,Ullern
Frits Thaulows gate,Frogner
Fritzners gate,Frogner
Frodes vei,Nordstrand
Frognerhøiveien,Frogner
Frognerseterveien,Vestre Aker / Oslomarka
Frognerstranda,Frogner
Frogner terrasse,Frogner
Frognerveien,Frogner
Frostveien,Nordstrand/Søndre Nordstrand
Fru Kroghs brygge,Frogner
Frydenbergbakken,Grünerløkka
Frydenbergveien,Grünerløkka
Frydenlundgata,St. Hanshaugen
Frydens gate,Grünerløkka
Frysjaveien,Nordre Aker
Frøensalléen,Vestre Aker
Frølichs vei,Frogner
Frøyas gate,Frogner
Frøydis' vei,Nordstrand
Fuglehauggata,Frogner
Fugleliveien,Østensjø
Furer Nymos vei,Grorud
Furubråtveien,Nordstrand
Furukollveien,Nordre Aker
Furulundsveien,Ullern
Furulundtoppen,Ullern
Furumoen,Nordstrand
Furuset allé,Alna
Furusetveien,Alna
Furustien,Alna
Furuveien,Østensjø
Fyrstikkalléen,Gamle Oslo
Fyrstikkbakken,Alna / Østensjø
Fådveien,Vestre Aker
Gabbi Lunds vei,Nordstrand
Gabels gate,Frogner
Galgeberg,Gamle Oslo
Gamle Brennavei,Søndre Nordstrand
Gamle Bygdevei,Nordstrand / Søndre Nordstrand
Gamle Enebakkvei,Østensjø
Gamlehagen,Nordstrand
Gamle Heggelivei,Oslomarka
Gamle Herregårdsvei,Nordstrand
Gamle Hovsetervei,Vestre Aker
Gamle Kjelsåsvei,Nordre Aker
Gamle Leirdals vei,Alna
Gamlelinja,Søndre Nordstrand
Gamle Madserud allé,Ullern
Gamle Maridalsvei,Oslomarka
Gamle Mossevei,Nordstrand
Gamle Strømsvei,Alna
Gamle Trondheimsvei,Stovner
Gamleveien,Alna
Gange-Rolvs gate,Frogner
Gangstuveien,Grorud
Gardeveien,Frogner
Gartner Syversens vei,Grünerløkka
Gartnerveien,Østensjø
Garver Ytteborgs vei,Stovner
Gaupefaret,Vestre Aker
Gaustadalléen,Nordre Aker / Vestre Aker
Gaustadveien,Nordre Aker
Geitmyrsveien,St. Hanshaugen
General Birchs gate,St. Hanshaugen
General Krohgs vei,Ullern
Generallunden,Ullern
General Ruges vei,Østensjø
Geologsvingen,Ullern
Geviret,Søndre Nordstrand
Gildevangen,Grünerløkka
Gimle terrasse,Frogner
Gimleveien,Frogner
Gina Krogs vei,Nordstrand
Giskehagen,Vestre Aker
Gisles vei,Nordstrand
Gjennomfaret,Nordre Aker
Gjenveien,Vestre Aker
Gjerdesmutten,Grorud
Gjerdrums vei,Nordre Aker
Gjøaveien,Vestre Aker
Gjøkbakken,Vestre Aker
Gjørstads gate,Frogner
Gjøvikgata,Sagene
Glacisgata,Sentrum
Gladengveien,Gamle Oslo
Glads vei,Nordre Aker
Gladvoll terrasse,Nordstrand
Gladvollveien,Nordstrand
Glimmersvingen,Nordstrand
Glimmerveien,Nordstrand
Glitreveien,Østensjø
Glückstads gate,St. Hanshaugen
Godals vei,Nordre Aker
Godheimveien,Søndre Nordstrand
Godlia parksti,Østensjø
Godliasvingen,Østensjø
Godliaveien,Østensjø
Golfstubben,Vestre Aker
Granbergstubben,Søndre Nordstrand
Grandeveien,Frogner
Granebakken,Søndre Nordstrand
Granhekkveien,Østensjø
Granittveien,Nordstrand
Grankollveien,Alna
Grankvisten,Nordstrand
Granliveien,Stovner
Gransdalen,Alna
Granstangen,Alna
Granstuveien,Nordstrand
Gransveien,Oslomarka
Grantunet,Søndre Nordstrand
Granveien,Nordstrand
Grasveien,Østensjø
Gravdalsveien,Vestre Aker
Grefsen allé,Nordre Aker
Grefsenkollveien,Nordre Aker
Grefsentunet,Nordre Aker
Grefsenveien,Sagene / Nordre Aker
Gregers Grams vei,Ullern
Grenaderstien,Alna
Grengaten,St. Hanshaugen
Grensen,Sentrum / St. Hanshaugen
Grensestien,Søndre Nordstrand
Grensesvingen,Gamle Oslo
Grenseveien,Grünerløkka / Gamle Oslo
Greveveien,Oslomarka
Grevlinglia,Søndre Nordstrand
Grevlingveien,Bjerke
Griffenfeldts gate,St. Hanshaugen / Sagene
Grimelundshaugen,Vestre Aker
Grimelundsveien,Vestre Aker
Grimstadgata,Sagene
Grinda,Nordre Aker
Grindbakken,Vestre Aker
Griniveien,Vestre Aker
Grorudbakken,Grorud
Grorudveien,Grorud / Alna
Grottenveien,Nordstrand
Grubbebakken,St. Hanshaugen
Grubbegata,St. Hanshaugen
Gruegata,Gamle Oslo
Grundingen,Frogner
Grundingen,Frogner
Grusveien,Nordstrand
Gruvelia,Grorud
Grüners gate,Grünerløkka
Grünerstubben,Grünerløkka
Grytebekkveien,Oslomarka
Gryteveien,Oslomarka
Grønland,Gamle Oslo
Grønlandsleiret,Gamle Oslo
Grønlibakken,Østensjø
Grønlikleiva,Gamle Oslo
Grønliveien,Alna
Grønmoveien,Søndre Nordstrand
Grønnegata,Frogner
Grønsundveien,Nordstrand
Grønvoll allé,Gamle Oslo
Grøttumsveien,Oslomarka
Gråbrødreveien,Ullern
Grågåsveien,Østensjø
Graahbakken,Frogner
Gråkamveien,Vestre Aker
Gråseterveien,Oslomarka
Gråsteinveien,Nordstrand
Guldberglia,Ullern
Guldbergs vei,Ullern
Gulleråsveien,Vestre Aker
Gullhaugveien,Nordre Aker
Gullkroken,Ullern
Gunhilds gate,Gamle Oslo
Gunnar Johnsons vei,Nordre Aker
Gunnar Schjelderups vei,Nordre Aker
Gunnars vei,Oslomarka
Gunnulvs vei,Alna
Gurinestubben,Bjerke
Guristuveien,Østensjø
Gustav Bloms gate,Frogner
Gustav Heibergs vei,Nordre Aker
Gustav Jensens gate,Sagene
Gustavs gate,Frogner
Gustav Vigelands vei,Ullern
Guvernørens vei,Ullern
Gydas vei,Frogner
Güettlerbakken,Nordre Aker
Gyldenløves gate,Frogner
Gäbleins vei,Nordre Aker
Gørbitz' gate,St. Hanshaugen
Gøteborggata,Grünerløkka
Gårdsveien,Grorud
Gåsegangen,St. Hanshaugen
Hafrsfjordgata,Frogner
Hafslundveien,Vestre Aker
Hagaløkka,Grorud
Hagan terrasse,Ullern
Hagapynten,Alna
Hagastubben,Stovner
Hagaveien,Stovner
Hagegata,Gamle Oslo
Hagelundveien,Grorud
Hagenbakken,Søndre Nordstrand
Hagtornveien,Nordre Aker
Hallagerbakken,Søndre Nordstrand
Hallings gate,St. Hanshaugen
Hallvard Bergves vei,Grorud
Halvdan Svartes gate,Frogner
Halvor Schous gate,Sagene
Halvor Torgersens vei,Vestre Aker
Hamborgveien,Nordre Aker
Hammerfestgata,Grünerløkka
Hammergata,Sagene
Hammersborggata,St. Hanshaugen
Hammerstads gate,Frogner
Hanken,Alna
Hans Amundsens vei,Sagene
Hans Barliens gate,Grünerløkka
Hans Breiens vei,Søndre Nordstrand
Hans C. Gjefles vei,Nordstrand
Hansegata,Nordre Aker
Hansemyrveien,Nordre Aker
Hans Møller Gasmanns vei,Bjerke
Hans Nielsen Hauges gate,Sagene / Nordre Aker
Hans Nordahls gate,Sagene
Hans Ross’ gate,St. Hanshaugen
Hans Steinpukkers vei,Søndre Nordstrand
Hansteens gate,Frogner
Hans Vinjarengens vei,Alna
Hans Aanruds vei,Grorud
Hanåveien,Søndre Nordstrand
Harald Halvorsens vei,Alna
Harald Hårfagres gate,Frogner
Harald Løvenskiolds vei,Vestre Aker
Haraldrudveien,Bjerke
Harald Rømckes vei,Frogner
Haraldsheimveien,Nordre Aker
Harald Sohlbergs vei,Alna
Harald Stavøstrands vei,Oslomarka
Haralds vei,Grünerløkka
Haraløkka,Østensjø
Harbitzalléen,Ullern
Harelabbveien,Frogner
Harestien,Vestre Aker
Hareveien,Nordre Aker
Harry Fetts vei,Østensjø
Hartmanns vei,Ullern
Hartvig Halvorsens vei,Vestre Aker
Haråsveien,Ullern
Haslefetbakken,Østensjø
Haslekroken,Grünerløkka
Haslevangen,Grünerløkka
Hasleveien,Grünerløkka
Haslevollen,Grünerløkka
Hasselbakken,Nordre Aker
Hasselhaugveien,Nordre Aker
Hauchs gate,Grünerløkka
Haugakollveien,Oslomarka
Haugenslettveien,Grorud
Haugenstien,Alna
Haugenstuveien,Alna / Stovner
Haugerudbakken,Alna
Haugerudhagan,Alna
Haugerudsenteret,Alna
Haugerudtunet,Alna
Haugerudveien,Alna
Hauges vei,Nordre Aker
Haugmannsveien,Bjerke
Haukelibakken,Vestre Aker
Hauketosvingen,Søndre Nordstrand
Hauketotoppen,Søndre Nordstrand
Hauketoveien,Søndre Nordstrand
Hauketoåsen,Søndre Nordstrand
Hausmanns gate,St. Hanshaugen / Grünerløkka
Havna allé,Vestre Aker
Havnabakken,Nordre Aker
Havnegata,Sentrum
Havnehagan,Nordre Aker
Havreveien,Østensjø
Haxthausens gate,Frogner
Hedmarksgata,Gamle Oslo
Hegdehaugsveien,Frogner
Hegermanns gate,Sagene
Heggelibakken,Vestre Aker
Heggeliveien,Ullern
Heggestien,Alna
Heia,Frogner
Heiasvingen,Nordstrand
Heierstuveien,Nordre Aker
Heikampveien,Oslomarka
Heiloveien,Nordre Aker
Heimdalsgata,Gamle Oslo
Heimlibakken,Nordstrand
Hekkveien,Grünerløkka
Helga Vaneks vei,Søndre Nordstrand
Helge Sollies vei,Østensjø
Helgesens gate,Grünerløkka
Hellerudfaret,Østensjø
Hellerudgrenda,Alna
Hellerud gårdsvei,Alna
Hellerudstubben,Alna
Hellerudsvingen,Østensjø
Hellerud terrasse,Alna
Hellerudveien,Alna
Helleveien,Vestre Aker
Hellinga,Nordstrand
Hemingveien,Vestre Aker
Hemmestveitbakken,Ullern
Hengsengveien,Frogner
Henrichsens gate,St. Hanshaugen
Henrik Backers vei,Vestre Aker
Henrik Ibsens gate,Sentrum / Frogner
Henrik Klausens gate,St. Hanshaugen
Henriks vei,Vestre Aker
Henrik Sørensens vei,Alna
Henrik Wergelands allé,Frogner
Herbernveien,Frogner
Herman Foss' gate,St. Hanshaugen
Herregårdsveien,Nordstrand
Herslebs gate,Grünerløkka / Gamle Oslo
Hertug Skules gate,Gamle Oslo
Hertzbergs gate,St. Hanshaugen
Hesjeveien,Stovner
Hesselbergs gate,Grünerløkka
Hestehagen,Grorud
Hesteskoen,Nordre Aker
Heyerdahls vei,Vestre Aker
Hieronymus Heyerdahls gate,Sentrum
Hjalmar Brantings vei,Bjerke
Hjalmar Jordans vei,Frogner
Hjalmar Larsens gate,St. Hanshaugen
Hjaltlandsgata,Gamle Oslo
Hjelms gate,Frogner
Hjemliveien,Østensjø
Hjorteveien,Nordre Aker
Hjørungavåggata,Frogner
Hjørungkroken,Vestre Aker
Hjørungveien,Vestre Aker
Hockeyveien,Alna
Hoffsbakken,Ullern
Hoffselvpromenaden,Ullern
Hoffsjef Løvenskiolds vei,Ullern
Hoffsveien,Ullern
Hoff terrasse,Ullern
Hofftunet,Ullern
Holbergs gate,Sentrum / Frogner / St. Hanshaugen
Holgerslystveien,Ullern
Hollendergata,Gamle Oslo
Holmboes gate,Frogner
Holmendammen terrasse,Vestre Aker
Holmenenga,Vestre Aker
Holmengrenda,Vestre Aker
Holmenhaugen,Vestre Aker
Holmenkollveien,Vestre Aker / Oslomarka
Holmens gate,Frogner
Holmens gate,Sentrum / Frogner
Holmensletta,Vestre Aker
Holmenveien,Vestre Aker
Holmestrandgata,Sagene
Holmlia senter vei,Søndre Nordstrand
Holmliaveien,Søndre Nordstrand
Holmliveien,Søndre Nordstrand
Holmsåsen,Søndre Nordstrand
Holmveien,Søndre Nordstrand
Holsteinveien,Nordre Aker
Holsts gate,Sagene / Grünerløkka
Holsts vei,Frogner
Holtegata,Frogner
Holtermann Knudsens gate,Sagene
Holtveien,Nordstrand
Homansbakken,Frogner
Hoppveien,Østensjø
Hornfjellveien,Stovner
Hortengata,Sagene
Hospitalsgata,St. Hanshaugen
Hospitsveien,Vestre Aker
Hovfaret,Ullern
Hovinveien,Grünerløkka
Hovseterveien,Vestre Aker
Hubroveien,Bjerke
Huitfeldts gate,Frogner
Huk aveny,Frogner
Hukenveien,Grorud
Hukgrenda,Frogner
Huk terrasse,Frogner
Huldreveien,Vestre Aker
Humleveien,Nordre Aker
Hummerkloa,Nordstrand
Hurdalsgata,Gamle Oslo
Husebybakken,Ullern
Husebygrenda,Vestre Aker
Husebysletta,Ullern
Husebyveien,Ullern
Hvitveisbakken,Vestre Aker
Hyggeveien,Nordstrand
Hyllveien,Ullern
Høgdaveien,Østensjø
Høgdefaret,Nordstrand
Høgtunveien,Stovner
Høgåsveien,Søndre Nordstrand
Hølandsgata,Gamle Oslo
Høvlerigangen,Gamle Oslo
Høvleriveien,Alna
Høyboveien,Nordstrand
Høybråtenstien,Stovner
Høybråtenveien,Alna / Stovner / Lørenskog
Høydalsveien,Søndre Nordstrand
Høyenhallsvingen,Østensjø
Høyenhallveien,Østensjø
Høystakkveien,Stovner
Hågangen,Grünerløkka
Haakon Aunes vei,Nordre Aker
Haakon den godes vei,Vestre Aker
Håkons gate,Gamle Oslo
Haakon VIIs gate,Sentrum
Haakon Tveters vei,Østensjø
Håvalds vei,Nordstrand
Haavard Martinsens vei,Stovner
Idas vei,Stovner
Idrettsveien,Stovner
Iduns gate,Grünerløkka
Ilagata,St. Hanshaugen
Industrigata,Frogner
Inga Bjørnsons vei,Stovner
Ingar Nilsens vei,Frogner
Ingeborgs gate,Gamle Oslo
Ingebret Andersens vei,Grorud
Ingegjerds vei,Frogner
Ingelbrecht Knudssøns gate,Frogner
Ingeniørveien,Gamle Oslo
Inges gate,Gamle Oslo
Ingiers vei,Nordstrand
Ingolf Ruuds vei,Nordstrand
Inkognitogata,Frogner
Inkognito terrasse,Frogner
Innspurten,Gamle Oslo
Irisveien,Nordre Aker
Islands gate,Gamle Oslo
Ivan Bjørndals gate,Sagene
Ivar Knutsons vei,Nordstrand
Ivar Welles vei,Alna
Ivar Aasens vei,Vestre Aker
Iver Olsens vei,Nordre Aker
Jacob Fayes vei,Frogner
Jacob Hansens vei,Vestre Aker
Jacobine Ryes vei,Stovner
Jacob Aalls gate,Frogner / St. Hanshaugen
Jakob Vaages vei,Ullern
Jansbergveien,Nordre Aker
Jarbakken,Vestre Aker
Jarlegata,Gamle Oslo
Jarlsborgveien,Ullern
Jegersborgveien,Oslomarka
Jegerveien,Vestre Aker
Jens Bjelkes gate,Grünerløkka / Gamle Oslo
Jensmessveien,Vestre Aker
Jeppes vei,Vestre Aker
Jerikostien,Alna
Jerikoveien,Alna
Jernbanegata,Sentrum
Jernbaneveien,Østensjø
Jernkroken,Grorud / Stovner
Jerpefaret,Vestre Aker
Jess Carlsens gate,St. Hanshaugen
Jetteveien,Nordre Aker
Joachim Nielsens gang,Gamle Oslo
Johan Castbergs vei,Alna
Johan Evjes vei,Østensjø
Johan Halvorsens terrasse,Sentrum
Johan Hirsch' vei,Østensjø
Johannes Bruns gate,St. Hanshaugen
Johannesgata,Gamle Oslo
Johan Scharffenbergs vei,Østensjø
Johan Selmers gate,Sagene
Johan Svendsens gate,Sagene
Johan Sverdrups vei,Bjerke
Joh. H. Andresens vei,Gamle Oslo
John Brandts vei,Nordre Aker
John Colletts allé,Nordre Aker
John G. Mattesons vei,Østensjø
Jolly Kramer-Johansens gate,Sagene
Jomfrubråtveien,Nordstrand
Jomfruhagen,Nordstrand
Jomfrustien,Nordstrand
Jonas Dahls vei,Ullern
Jonas Holmens vei,Vestre Aker
Jonas Reins gate,St. Hanshaugen
Johnny Svorkmos vei,Stovner
Jon P. Erliens vei,Nordre Aker
Jon Smestads vei,Ullern
Jonsokveien,Nordstrand
Jonsrudveien,Ullern
Jordalgata,Gamle Oslo
Jordal terrasse,Gamle Oslo
Jordbærveien,Nordstrand
Jordstjerneveien,Søndre Nordstrand
Jorines vei,Stovner
Josefines gate,Frogner
Jotunveien,Nordstrand
Jupiterveien,Nordre Aker
Justiskroken,Gamle Oslo
Jutulveien,Nordre Aker
Jøranstien,Østensjø
Jørgen Løvlands gate,Grünerløkka
Jørgen Moes gate,Frogner
Jørnsløkkveien,Østensjø
Kabelgata,Bjerke
Kaiekroken,Alna
Kaj Munks vei,Nordre Aker
Kakkelovnskroken,Grorud
Kalbakkfaret,Grorud
Kalbakkslyngen,Grorud
Kalbakkstubben,Grorud
Kalbakkveien,Grorud
Kallandveien,Oslomarka
Kallerudveien,Oslomarka
Kampen Hageby,Gamle Oslo
Kampengata,Gamle Oslo
Kampheimveien,Østensjø
Kanalen,Frogner
Kanonhallveien,Grünerløkka
Kanslergata,Gamle Oslo
Kantarellen terrasse,Søndre Nordstrand
Kanten,St. Hanshaugen
Kapellveien,Nordre Aker
Kaptein Oppegaards vei,Nordstrand
Karen Platous vei,Stovner
Karenslyst allé,Ullern
Karihaugveien,Alna / Stovner
Karistien,Alna
Karistuveien,Nordstrand
Karl Andersens vei,Stovner
Karl Flods vei,Grorud
Karl Fossums vei,Stovner
Karl Hals' gate,Sagene
Karl Johans gate,Sentrum
Karlsborgveien,Gamle Oslo
Karlsrudveien,Nordstrand
Karl Staaffs vei,Alna
Karlstadgata,Grünerløkka
Karl XIIs gate,Grünerløkka
Karoline Kristiansens vei,Gamle Oslo
Karolinerveien,Alna
Karsten Kjelbergs vei,Østensjø
Karvesvingen,Grünerløkka
Kasaveien,Oslomarka
Kastanjeveien,Nordre Aker
Kastellbakken,Nordstrand
Kastellhagen,Nordstrand
Kastellveien,Nordstrand
Kavringen brygge,Frogner
Katy Dues vei,Ullern
Keiser Wilhelms vei,Vestre Aker
Keysers gate,St. Hanshaugen
Kierschows gate,Sagene / St. Hanshaugen
Kikkutveien,Nordre Aker
Kildals vei,Østensjø
Kildeveien,Bjerke
Kingos gate,Sagene
Kirkebakken,Nordstrand
Kirkegata,Sentrum
Kirkegårdsbakken,Nordre Aker
Kirkegårdsgangen,St. Hanshaugen
Kirkegårdsgata,Grünerløkka
Kirkehaugsveien,Ullern
Kirkestien,Ullern
Kirkesvingen,Grorud
Kirkeveien,Frogner / St. Hanshaugen
Kirkeåsveien,Nordstrand
Kittel-Nielsens vei,Nordstrand
Kjeld Stubs gate,Sentrum
Kjelsåsløkka,Nordre Aker
Kjelsåsveien,Nordre Aker
Kjerreveien,Bjerke
Kjetils vei,Nordre Aker
Kjettingveien,Søndre Nordstrand
Kjærlighetsstien,St. Hanshaugen
Kjølberggata,Gamle Oslo
Klaus Torgårds vei,Nordre Aker
Kleiva,Stovner
Klemetsrudveien,Søndre Nordstrand
Klingenberggata,Sentrum
Klinkerveien,Østensjø
Klokkergata,Sagene
Klostergata,Gamle Oslo
Klosterheimveien,Alna
Kløfterhagen,Alna
Kløfterstien,Alna
Kløverveien,Nordre Aker
Kneika,Nordstrand
Kneppebakken,Nordstrand
Knud Bryns vei,Bjerke
Knud Graahs gate,Sagene
Knud Øyens vei,Nordstrand
Knut Alvssons vei,Grünerløkka
Knut Valstads vei,Østensjø
Kobbernaglen,Frogner
Kokkebakken,St. Hanshaugen
Kolderups vei,Nordre Aker
Kolleveien,Nordstrand
Kollstien,Nordstrand
Kolonihagestien,Nordre Aker
Kolstadgata,Gamle Oslo
Kong Håkon 5.s gate,Gamle Oslo
Kongens gate,Sentrum
Kongeveien,Vestre Aker
Konghellegata,Grünerløkka
Konglerudtoppen,Østensjø
Kongleveien,Nordre Aker
Kongsberggata,Sagene
Kongshavnveien,Nordstrand
Kongsstien,Nordstrand
Kongsveien,Gamle Oslo / Nordstrand
Kongsvingergata,Sagene
Konows gate,Gamle Oslo
Konsul Schjelderups vei,Frogner
Konvallveien,Nordre Aker
Konventveien,Ullern
Kopperuds vei,Ullern
Korallveien,Nordstrand
Korsgata,Grünerløkka
Korsvollbakken,Nordre Aker
Korsvollbråtan,Nordre Aker
Korsvoll terrasse,Nordre Aker
Kortbølgen,Nordstrand
Krafts gate,St. Hanshaugen
Krags terrasse,Vestre Aker
Kragstubben,Vestre Aker
Krags vei,Vestre Aker
Kransen,Nordstrand
Kranveien,Østensjø
Krebs' gate,Sagene
Kringkollen,Østensjø
Kringlebekkveien,Oslomarka
Kringsjågrenda,Nordre Aker
Kringveien,Stovner
Kristian Auberts vei,Vestre Aker
Kristian Augusts gate,Sentrum
Kristian Bogneruds vei,Grorud
Kristian IVs gate,Sentrum
Kristianiasvingen,Vestre Aker
Kristiansands gate,Sagene
Kristine Bonnevies vei,Bjerke
Kristinelundveien,Frogner
Kristins vei,Alna
Kristoffer Aamots gate,Sagene / Nordre Aker
Kristoffer Robins vei,Stovner
Krogs gate,Frogner
Kroken,Oslomarka
Krokkleiva,Nordstrand
Krokliveien,Bjerke
Krokstien,Alna
Krokusveien,Nordre Aker
Kronprinsens gate,Sentrum
Kronveien,Nordstrand
Krossveien,Nordre Aker
Krumgata,St. Hanshaugen
Kruses gate,Frogner
Kruttveien,Grünerløkka
Kruttverkveien,Nordstrand
Kryssveien,Bjerke
Krøllen,Sentrum
Kudalsveien,Oslomarka
Kurlandstien,Alna
Kurveien,Nordre Aker
Kvartsveien,Nordstrand
Kvernfaret,Ullern
Kvernkallveien,Ullern
Kvernstien,Vestre Aker
Kvernveien,Ullern
Kværnerveien,Gamle Oslo
Kyhns vei,Nordstrand
Kyrre Grepps gate,Sagene
Københavngata,Grünerløkka
Køla-Pålsens gatetun,Gamle Oslo / Sentrum
Kåres vei,Nordstrand
Lachmanns vei,Nordre Aker
Ladegangene,Grünerløkka
Ladestrædet,St. Hanshaugen
Ladeveien,Ullern
Lagerkroken,Bjerke
Lakkegata,Gamle Oslo / Grünerløkka
Lallakroken,Frogner
Lambertseterveien,Nordstrand / Østensjø
Lambertstien,Nordstrand
Lambrechts’ gate,Frogner
Lammers' gate,Sagene
Landerokollen,Alna
Landeroveien,Alna
Landgangen,Frogner
Landingsveien,Vestre Aker
Landstads gate,Sagene
Langbølgen,Nordstrand
Langengen,Gamle Oslo
Langerudhaugen,Østensjø
Langerudsvingen,Østensjø
Langerudveien,Østensjø
Langes gate,St. Hanshaugen
Langgata,Grünerløkka
Langleiken,Gamle Oslo
Langlia,Nordre Aker
Langlibakken,Stovner
Langliveien,Oslomarka
Langmyrgrenda,Nordre Aker
Langmyrveien,Nordre Aker
Langretta,Søndre Nordstrand
Langsetveien,Nordre Aker
Langs Linjen,Nordstrand
Langteigåsen,Søndre Nordstrand
Langviksveien,Frogner
Langaards gate,Frogner
Langåsveien,Nordre Aker
Lars husmanns gate,Bjerke
Larsbråtveien,Alna
Larviksgata,Sagene
Lassons gate,Frogner
Laura Gundersens gate,St. Hanshaugen
Lauvlundveien,Oslomarka
Lavrans' vei,Alna
Legatveien,Sagene / Nordre Aker
Leirfallsgata,Grünerløkka
Leirskallbakken,Nordstrand
Leirskallen,Nordstrand
Leirskallhellinga,Nordstrand
Leirskallsvingen,Nordstrand
Leiv Eirikssons gate,Frogner
Lekeplassveien,Bjerke
Lensmann Hiorths allé,Gamle Oslo
Lerdalsfaret,Søndre Nordstrand
Lerdalsgrenda,Søndre Nordstrand
Lerdalstoppen,Søndre Nordstrand
Lerdalsveien,Søndre Nordstrand
Lerkeveien,Alna
Lersolveien,Nordre Aker
Lettvintveien,Nordre Aker
Leyrins gate,Grünerløkka
Liadalsveien,Nordstrand
Liakollveien,Søndre Nordstrand
Liaveien,Nordre Aker
Libakkfaret,Nordstrand
Libakkveien,Nordstrand
Liljeveien,Bjerke
Lilleakerveien,Ullern
Lillebakken,Nordstrand
Lillebergsvingen,Gamle Oslo
Lillebergveien,Gamle Oslo
Lille Bislett,St. Hanshaugen
Lille Borgen vei,Vestre Aker
Lilleborggata,Sagene
Lille Frogner allé,Frogner
Lille Frøens vei,Vestre Aker
Lille Grensen,Sentrum
Lille Huseby vei,Ullern
Lille Stranden,Frogner
Lillevannsveien,Vestre Aker
Lillevannsskogen,Vestre Aker
Lilleveien,Vestre Aker
Lilloe-Olsens vei,Nordre Aker
Lillogata,Sagene
Lilloseterveien,Grorud
Lindbäckveien,Nordstrand
Lindealléen,Nordre Aker
Lindeberglia,Alna
Lindebergveien,Alna
Lindebergåsen,Alna
Lindemanns gate,Frogner
Linderngata,St. Hanshaugen
Linderudsletta,Bjerke
Linderudveien,Bjerke
Linhusveien,Vestre Aker
Linjebakken,Stovner
Linjeveien,Stovner
Linneaveien,Nordstrand
Linstows gate,Frogner
Linaaes gate,St. Hanshaugen
Ljabrubakken,Nordstrand
Ljabrudiagonalen,Søndre Nordstrand
Ljabrukollen terrasse,Nordstrand
Ljabruveien,Nordstrand / Søndre Nordstrand
Ljansbakken,Nordstrand
Ljansbrukveien,Søndre Nordstrand
Ljan terrasse,Nordstrand
Lofotgata,Sagene
Lofsrudhøgda,Søndre Nordstrand
Lofsrudveien,Søndre Nordstrand
Lofthus terrasse,Nordre Aker
Lofthusveien,Nordre Aker / Bjerke
Lokkeberget,Oslomarka
Lottestien,Alna
Louises gate,St. Hanshaugen
Lovisenberggata,St. Hanshaugen
Lovisenlund,Frogner
Ludvig Karstens vei,Alna
Luftfartsveien,Vestre Aker
Lunaveien,Nordstrand
Lunden,Bjerke
Lundliveien,Bjerke
Lundveien,Østensjø
Lundåsveien,Stovner
Lunhvileveien,Søndre Nordstrand
Lunnestien,Østensjø
Lusetjernveien,Søndre Nordstrand
Lutvannskroken,Alna
Lutvannsveien,Alna
Lybekkergata,Sentrum
Lybekkveien,Vestre Aker
Lyberget,Søndre Nordstrand
Lyder Sagens gate,St. Hanshaugen
Lygstergangen,Grünerløkka / Sentrum
Lyngtrekket,Stovner
Lyngveien,Nordstrand
Lyngåsveien,Nordre Aker
Lysebuveien,Vestre Aker
Lysehagan,Ullern
Lyseskrenten,Ullern
Lyseveien,Ullern
Lytterveien,Nordre Aker
Lyveien,Vestre Aker
Lærer Holes vei,Vestre Aker
Løchenveien,Frogner
Løkkalia,Vestre Aker
Løkkaskogen,Vestre Aker
Løkkegangen,Frogner
Løkkeveien,Frogner
Lønnealléen,Alna
Lønneveien,Alna
Lønnhaugen allé,Vestre Aker
Lønnåsveien,Oslomarka
Lørenfaret,Grünerløkka
Lørenvangen,Grünerløkka
Lørenveien,Grünerløkka
Løvenskiolds gate,Frogner
Løvliveien,Nordstrand
Løvsetdalen,Østensjø
Løvsetfaret,Østensjø
Løvåsveien,Nordre Aker
Løypeveien,Østensjø
Låveveien,Østensjø
Madame Maren Juels vei,Nordstrand
Madserud allé,Ullern
Magnefaret,Østensjø
Magnus Barfots gate,Frogner
Magnus Bergs gate,Frogner
Magnus' gate,Gamle Oslo
Magnus Hydles vei,Nordstrand
Mailundveien,Grünerløkka
Majorstuveien,Frogner
Malerhaugveien,Gamle Oslo
Malmøgata,Grünerløkka
Malmøyveien,Nordstrand
Mandalls gate,Gamle Oslo
Manglebergveien,Østensjø
Manglerudveien,Østensjø
Marcus Thranes gate,Sagene
Margit Hansens gate,Gamle Oslo
Margrethe Parms vei,Stovner
Maria Dehlis vei,Alna
Mariboes gate,St. Hanshaugen
Maridalsveien,St. Hanshaugen / Grünerløkka / Sagene / Nordre Aker / Oslomarka
Marienlundveien,Nordstrand
Maries gate,Frogner
Mariholtveien,Alna / Oslomarka
Marits vei,Bjerke
Markstien,Vestre Aker
Markveien,Grünerløkka
Marmorveien,Nordstrand
Marselis’ gate,Grünerløkka
Marstrandgata,Grünerløkka
Marsveien,Nordre Aker
Marta Steinsviks vei,Søndre Nordstrand
Martha Tynes’ vei,Stovner
Martin Borrebekkens vei,Bjerke
Martin Linges vei,Østensjø
Martin Skatvedts vei,Grorud
Martin Strandlis vei,Grorud
Maschmanns gate,St. Hanshaugen
Mastemyrveien,Søndre Nordstrand
Mastrups gate,Sagene
Mauritz Hansens gate,Frogner
Maurstien,Nordre Aker
Maurtuveien,Søndre Nordstrand
Mekanikerveien,Østensjø
Meklenborglia,Søndre Nordstrand
Meklenborgveien,Søndre Nordstrand
Meklenborgåsen,Søndre Nordstrand
Melkeveien,Vestre Aker
Mellbyedalen,Frogner
Mellemgaten,Sentrum
Mellombølgen,Nordstrand
Mellomveien,Østensjø
Meltzers gate,Frogner
Melumveien,Vestre Aker
Merkurveien,Nordre Aker
Messepromenaden,Ullern
Messeveien,Ullern
Micheletveien,Alna
Michel Nielsens vei,Nordre Aker
Middelthuns gate,Frogner
Midtoddveien,Nordre Aker
Midtstugrenda,Vestre Aker
Midttunveien,Nordstrand
Midtveien,Bjerke
Midtåsen,Nordstrand
Mikael Hertzbergs vei,Nordre Aker
Mikjelsbakken,Ullern
Mikkel Doblougs gate,St. Hanshaugen
Mikkel Revs vei,Østensjø
Mikrobølgen,Nordstrand
Mina Beiteplukksvei,Søndre Nordstrand
Minister Ditleffs vei,Nordre Aker
Minåsveien,Oslomarka
Mogata,Sagene
Mogens Thorsens gate,Frogner
Moldegata,Sagene
Moltke Moes vei,Nordre Aker
Monolitveien,Ullern
Monrads gate,Grünerløkka
Montebellobakken,Ullern
Montebello terrasse,Ullern
Montebelloveien,Ullern
Montørbakken,Gamle Oslo
Morells vei,Nordre Aker
Morenestien,Nordre Aker
Morgedalsvegen,Ullern
Mor Go'hjertas vei,Sagene
Mortensrudveien,Søndre Nordstrand
Mortensvingen,Ullern
Mosekollen,Vestre Aker
Moserabben,Vestre Aker
Mosseveien,Gamle Oslo / Nordstrand / Søndre Nordstrand
Motbakkene,Østensjø
Motzfeldts gate,Gamle Oslo
Movassbakken,Oslomarka
Munchs gate,St. Hanshaugen
Munkebekken,Alna
Munkedamsveien,Sentrum / Frogner
Munkegata,Gamle Oslo
Munkelia,Nordstrand
Munkengveien,Vestre Aker
Munkerudbakken,Nordstrand
Munkerudkleiva,Nordstrand
Munkerudstubben,Nordstrand
Munkerudtunet,Nordstrand
Munkerudveien,Nordstrand
Munkerudvollen,Nordstrand
Munkerudåsen,Nordstrand
Munthes gate,Frogner
Muselundgrenda,Nordre Aker
Museumsveien,Frogner
Mustads vei,Ullern
Myklegardgata,Gamle Oslo
Mylskerudveien,Nordstrand
Myntfunnveien,Ullern
Myntgata,Sentrum
Myra,Sagene
Myrbakkveien,Stovner
Myrdalveien,Stovner
Myrens verksted,Sagene
Myrerdraget,Nordre Aker
Myrerskogveien,Nordre Aker
Myrerveien,Nordre Aker
Myrhaugen,Vestre Aker
Mælosvingen,Nordstrand
Møllefaret,Vestre Aker
Mølleparken,Sagene
Møllergata,St. Hanshaugen
Møllerveien,Grünerløkka
Møllesvingen,Nordre Aker
Mørtelverksbakken,Bjerke
Måkeveien,Nordstrand
Måltrostveien,Vestre Aker
Mårveien,Nordre Aker
Nandrups vei,Nordre Aker
Nannestadgata,Gamle Oslo
Nebbejordet,Søndre Nordstrand
Nedre Hammersborggate,St. Hanshaugen
Nedre gate,Grünerløkka
Nedre Kalbakkvei,Alna/Grorud
Nedre Prinsdals vei,Søndre Nordstrand
Nedre Rommen,Stovner
Nedre Silkestrå,Ullern
Nedre Skogvei,Ullern
Nedre Skøyen vei,Ullern
Nedre Slottsgate,Sentrum
Nedre Stabburvei,Nordre Aker
Nedre Ullern terrasse,Ullern
Nedre Ullevål,St. Hanshaugen
Nedre Vaskegang,Grünerløkka
Nedre Vollgate,Sentrum
Nedslagsveien,Østensjø
Nellikveien,Bjerke
Neptunveien,Nordre Aker
Neuberggata,Frogner
Nico Hambros vei,Stovner
Nielsenbakken,Nordstrand
Niels Henrik Abels vei,Nordre Aker
Niels Juels gate,Frogner
Nils Bays vei,Nordre Aker
Nils Collett Vogts vei,Vestre Aker
Nilserudkleiva,Nordre Aker
Nils Hansens vei,Alna
Nils Huus’ gate,Sagene
Nils Lauritssøns vei,Nordre Aker
Nils Tollers vei,Nordre Aker
Nissens gate,Grünerløkka
Nittedalgata,Gamle Oslo
Njåls vei,Grünerløkka
Nobels gate,Frogner
Nonnegata,Gamle Oslo
Norbygata,Gamle Oslo
Nordahl Bruns gate,St. Hanshaugen
Nordalveien,Bjerke
Nordbergbakken,Nordre Aker
Nordbergveien,Nordre Aker
Nordengstubben,Vestre Aker
Nordengveien,Vestre Aker
Norderhovgata,Gamle Oslo
Nordhagaveien,Nordre Aker
Nordheimbakken,Ullern
Nordkappgata,Sagene
Nordlandsgata,Sagene
Nordlisletta,Grorud
Nordlisvingen,Grorud
Nordlitoppen,Grorud
Nordliveien,Grünerløkka
Nordlysveien,Nordre Aker
Nordmarkveien,Oslomarka
Nordmørgata,Grünerløkka
Nordre Dals vei,Søndre Nordstrand
Nordre gate,Grünerløkka
Nordraaks gate,Frogner
Nordsetergrenda,Nordstrand
Nordseterstien,Nordstrand
Nordseter terrasse,Nordstrand
Nordseterveien,Nordstrand
Nordstjerneveien,Nordre Aker
Nordstrand terrasse,Nordstrand
Nordstrandveien,Nordstrand
Nordtvetbakken,Grorud
Nordtvetveien,Grorud
Nordåssløyfa,Søndre Nordstrand
Nordåsveien,Søndre Nordstrand
Noreveien,Ullern
Normannsgata,Gamle Oslo
Normaveien,Grünerløkka
Nuggerudveien,Stovner
Numedalsgata,Gamle Oslo
Nybrottveien,Stovner
Nybyggerveien,Stovner
Nycoveien,Sagene
Nydalen allé,Nordre Aker
Nydalen Bruks vei,Nordre Aker
Nydalsveien,Nordre Aker
Nye Heggelivei,Oslomarka
Nygata,Sentrum
Nygårds allé,Nordre Aker
Nygårdsveien,Nordre Aker
Nygård terrasse,Nordre Aker
Nyjordeveien,Søndre Nordstrand
Nyjordstubben,Søndre Nordstrand
Nylandsveien,Sentrum /Gamle Oslo
Nylandsveien,Sentrum / Gamle Oslo
Nylænde,Nordstrand
Nypeveien,Nordre Aker
Nyquistveien,Nordstrand
Nøklesvingen,Østensjø
Nøklevannsveien,Østensjø
Nøkleveien,Østensjø
Nøttekneika,Nordstrand
Nøtteveien,Vestre Aker
Nåkkves vei,Alna
Oberst Angells vei,Vestre Aker
Oberst Rodes vei,Nordstrand
Observatoriegata,Frogner
Observatorie terrasse,Frogner
Odalsgata,Gamle Oslo
Odd Hassels vei,Nordre Aker
Odins gate,Frogner
Odvar Solbergs vei,Grorud
Ogmunds vei,Nordre Aker
Ola Narr,Grünerløkka
Olaf Bulls vei,Vestre Aker
Olaf Helsets vei,Østensjø
Olaf Lørenskogens vei,Oslomarka
Olafiagangen,Gamle Oslo
Olaf Schous vei,Grünerløkka
Olasrudveien,Søndre Nordstrand
Olaus Fjørtofts vei,Stovner
Olav Aukrusts vei,Vestre Aker
Olav Bjaalands vei,Ullern
Olaves Hvervens vei,Søndre Nordstrand
Olav Vs gate,Sentrum
Olav Hegnas vei,Grünerløkka
Olav Kyrres gate,Frogner
Olav M. Troviks vei,Nordre Aker
Olav Nygards veg,Østensjø
Ole Brumms vei,Stovner
Ole Bulls gate,Sagene
Ole Deviks vei,Alna
Ole Fladagers gate,Frogner
Ole Jacob Brochs gate,St. Hanshaugen
Ole Messelts vei,Alna
Ole Moes vei,Nordstrand
Ole Reistads vei,Alna
Ole Vigs gate,Frogner
Ole Wingers vei,Grorud
Olleveien,Nordstrand
Olsens Enkes vei,Ullern
Oluf Onsums vei,Nordstrand
Oluf Ryghs gate,St. Hanshaugen
Ombergveien,Ullern
Omsens gate,Sagene
Onsumbakken,Gamle Oslo
Operagata,Gamle Oslo / Sentrum
Oppegårdgata,Gamle Oslo
Opplandgata,Gamle Oslo
Oppsalstubben,Østensjø
Oppsal terrasse,Østensjø
Oppsaltoppen,Østensjø
Oppsalveien,Østensjø
Oreliveien,Bjerke
Orionveien,Nordre Aker
Orknøygata,Gamle Oslo
Ormsundbakken,Nordstrand
Ormsundveien,Nordstrand
Ormøybakken,Nordstrand
Orrebakken,Vestre Aker
Orreskogen,Vestre Aker
Orreveien,Vestre Aker
Oscar Dahls vei,Søndre Nordstrand
Oscars gate,Frogner
Oscarshallveien,Frogner
Oskar Braatens gate,Sagene
Oslo gate,Gamle Oslo
Ospeskogveien,Oslomarka
Ospestien,Alna
Ostadalsveien,Vestre Aker
Osterhaus’ gate,St. Hanshaugen
Othilie Tonnings vei,Nordre Aker
Ottar Birtings gate,Frogner
Otto Blehrs vei,Nordre Aker
Otto Sogns vei,Østensjø
Otto Sverdrups gate,Sentrum
Ove Kristiansens vei,Vestre Aker
P. A. Holms vei,Nordstrand
P.A. Munchs vei,Nordre Aker
Pans vei,Nordstrand
Pareliusveien,Nordstrand
Parkdammen,Vestre Aker
Parkenga,Grorud
Parkveien,Frogner
Pasoplia,Søndre Nordstrand
Pasopsvingen,Søndre Nordstrand
Pasopveien,Søndre Nordstrand
Pastor Blaauws vei,Grorud
Pastor Fangens vei,Nordre Aker
Pavels' gate,St. Hanshaugen
Pearl Engens vei,Nordstrand
Peder Ankers vei,Nordre Aker
Peder Claussøns gate,St. Hanshaugen
Peder Grøns vei,Nordre Aker
Peder Holters vei,Nordstrand
Per Gynts vei,Nordre Aker
Per Krohgs vei,Alna
Per Kvibergs gate,Sagene
Pernilles vei,Vestre Aker
Persbråtan,Vestre Aker
Persgangen,Sentrum
Per Sivles gate,Frogner
Persveien,Bjerke
Peter Møllers vei,Grünerløkka
Peter Aas' vei,Østensjø
Pilestien,Alna
Pilestredet,Sentrum / Frogner / St. Hanshaugen
Pilestredet Park,St. Hanshaugen
Pilotveien,Vestre Aker
Pilveien,Nordre Aker
Pionerstien,Alna
Planetveien,Vestre Aker
Platous gate,Gamle Oslo
Platåveien,Nordre Aker
Plogveien,Østensjø
Pløens gate,St. Hanshaugen
Pontoppidans gate,Sagene
Poppelstien,Nordstrand
Porfyrveien,Vestre Aker
Postdamveien,Nordstrand
Pottemakerveien,Grorud
Presidentgata,Sagene
President Harbitz' gate,Frogner
Prestegata,Sentrum
Prestegårdsveien,Nordre Aker
Prestlia,Søndre Nordstrand
Prinsdalsbakken,Søndre Nordstrand
Prinsdalsfaret,Søndre Nordstrand
Prinsdalskleiva,Søndre Nordstrand
Prinsens gate,Sentrum
Prinsessealléen,Ullern
Priorveien,Ullern
Problemveien,Nordre Aker
Professor Birkelands vei,Alna
Professor Dahls gate,Frogner
Professor Lochmanns gate,Grünerløkka
Promenaden,Østensjø
Prost Hallings vei,Alna
Protonveien,Østensjø
P. T. Mallings vei,Frogner
Paal Bergs vei,Østensjø
Pål Sindings veg,Ullern
Rabakken,Nordre Aker
Rabbeveien,Bjerke
Radarveien,Nordstrand
Radioveien,Nordre Aker
Ragna Maries vei,Stovner
Ragna Nielsens vei,Bjerke
Ragnfrids vei,Alna
Ragnhild Schibbyes vei,Stovner
Ranunkelveien,Nordre Aker
Rappveien,Østensjø
Raschs vei,Nordstrand
Rasmusbakken,Grorud
Rasmus Engers vei,Grorud
Rasmus Winderens vei,Vestre Aker
Rathkes gate,Grünerløkka
Raukveien,Østensjø
Ravnkollbakken,Grorud
Ravnkroken,Søndre Nordstrand
Ravnåsveien,Søndre Nordstrand
Refstad allé,Bjerke
Refstadsvingen,Bjerke
Refstadveien,Bjerke
Regnbueveien,Alna
Reichweins gate,Frogner
Reidar Kobros vei,Vestre Aker
Reina,Nordstrand
Rektorhaugen,Nordre Aker
Repslagergangen,Sentrum
Revefaret,Nordre Aker
Revierstredet,Sentrum
Ribbunggata,Gamle Oslo
Ribstonveien,Bjerke
Riddervolds gate,Frogner
Rideveien,Frogner
Riflegata,Sagene
Riggergangen,Frogner
Rigmor Luihns vei,Grünerløkka
Rimveien,Alna
Ringeriksgata,Grünerløkka
Ringgata,Gamle Oslo
Ringnesveien,Stovner
Ringsgangen,Sentrum
Ringshusstubben,Nordstrand
Ringshusveien,Nordstrand
Risalléen,Vestre Aker
Risbakken,Vestre Aker
Risbekkveien,Vestre Aker
Risløkkalléen,Bjerke
Risløkkfaret,Bjerke
Risløkkveien,Bjerke
Ris skolevei,Vestre Aker
Risstubben,Vestre Aker
Risveien,Vestre Aker
Roald Amundsens gate,Sentrum
Robert Millars vei,Nordstrand
Robert Levins gate,Gamle Oslo
Rognerudveien,Østensjø
Rolf E. Stenersens allé,Nordre Aker
Rolf Hofmos gate,Gamle Oslo
Rolf Wickstrøms vei,Nordre Aker
Rommenstubben,Stovner
Rommibakken,Stovner
Rommiskogen,Grorud
Romsdalsgata,Grünerløkka
Romsåsveien,Grorud
Rosenbergveien,Grorud
Rosenborggata,Frogner
Rosendalsveien,Nordstrand
Rosenhoffgata,Grünerløkka
Rosenholmveien,Søndre Nordstrand
Rosenkrantz' gate,Sentrum
Rosenlundgata,Sagene
Roseveien,Bjerke
Rosings gate,St. Hanshaugen
Rosteds gate,Grünerløkka / St. Hanshaugen
Rostockergata,Gamle Oslo
Rostockgata,Gamle Oslo
Roveruds gate,Sagene
Rubina Ranas gate,Gamle Oslo
Rugdeberget,Søndre Nordstrand
Rugdestien,Vestre Aker
Rugdeveien,Vestre Aker
Rugveien,Østensjø
Rundhaugveien,Nordre Aker
Rundingen,Nordstrand
Rundmyrveien,Oslomarka
Rundtjernveien,Alna
Ruseløkkveien,Sentrum /Frogner
Rustadgrenda,Østensjø
Rustadsaga,Østensjø
Ruths vei,Stovner
Rutlialléen,Nordstrand
Ryenbergveien,Gamle Oslo / Nordstrand
Ryenstubben,Østensjø
Ryensvingen,Østensjø
Ryghs vei,Vestre Aker
Røahagan,Vestre Aker
Røahellinga,Vestre Aker
Røaknekken,Vestre Aker
Røa terrasse,Vestre Aker
Røatoppen,Vestre Aker
Røaveien,Vestre Aker
Rødbergveien,Bjerke
Rødbråtbakken,Nordre Aker
Rødfyllgata,Sentrum
Rødkleivfaret,Vestre Aker
Rødstuveien,Grünerløkka
Rødtvetkroken,Grorud
Rødtvetveien,Grorud
Røhrts vei,Nordstrand
Rønningveien,Nordre Aker
Røslyngveien,Vestre Aker
Rådhusgata,Sentrum
Rådyrlia,Søndre Nordstrand
Rådyrstien,Nordstrand
Rådyrveien,Bjerke
Sagadammen,Nordre Aker
Sagstukroken,Grorud
Sagstuveien,Grorud
Sagveien,Sagene
Sakariasveien,Oslomarka
Sam Eydes vei,Alna
Samfundsgata,Gamle Oslo
Samholdsstien,Gamle Oslo
Samvirkeveien,Nordstrand
Sanatoriebakken,Nordstrand
Sandakerveien,Sagene / Nordre Aker
Sandefjordgata,Sagene
Sandermosveien,Oslomarka
Sandstuveien,Nordstrand / Østensjø
Sandtakveien,Nordre Aker
Sandåsveien,Grorud
St. Edmunds vei,Ullern
St. Georgs vei,Ullern
St. Halvards gate,Gamle Oslo
St. Jørgens vei,Grünerløkka
St. Olavs gate,Sentrum / St. Hanshaugen
St. Sunnivas gate,Frogner
Sannergata,Grünerløkka
Sarabråtveien,Østensjø
Sarpsborggata,Sagene
Sars' gate,Grünerløkka
Saturnveien,Nordre Aker
Saxegaardsgata,Gamle Oslo
Schaftegata,Frogner
Schandorffs gate,St. Hanshaugen
Schives gate,Frogner
Schiøtts vei,Frogner
Schleppegrells gate,Grünerløkka
Schouterrassen,Grünerløkka
Schultz' gate,Frogner
Schwachs gate,St. Hanshaugen
Schweigaards gate,Gamle Oslo
Schwensens gate,St. Hanshaugen
Schübelers gate,Gamle Oslo
Schæffers gate,Grünerløkka
Schønings gate,Frogner
Sehesteds gate,Sentrum
Seilduksgata,Grünerløkka
Seilerstien,Nordstrand
Seljeveien,Grünerløkka
Selma Ellefsens vei,Bjerke
Selvbyggerveien,Bjerke
Sem Sælands vei,Nordre Aker
Seterbråtveien,Søndre Nordstrand
Seterhøybakken,Nordstrand
Seterhøyveien,Nordstrand
Seterliveien,Nordstrand
Seterveien,Nordstrand
Setervollveien,Oslomarka
Setra vei,Vestre Aker
Sexes gate,Gamle Oslo
S. H. Lundhs vei,Frogner
Sidsel Sidsærks vei,Grorud
Siebkes gate,Grünerløkka
Sigbjørn Obstfelders vei,Vestre Aker
Siggerudveien,Søndre Nordstrand
Signe Nesbakkens vei,Grünerløkka
Sigrid Undsets vei,Alna
Sigurd A. Danielsens vei,Nordstrand
Sigurd Astrups vei,Stovner
Sigurd Hoels vei,Gamle Oslo
Sigurd Iversens vei,Ullern
Sigurd Johannesens vei,Nordstrand
Sigurd Lies gate,Sagene
Sigurds gate,Gamle Oslo
Sigurd Syrs gate,Frogner
Sigurd Weisæths vei,Stovner
Sigyns gate,Frogner
Siksakveien,Nordstrand
Siloveien,Grünerløkka
Silurveien,Ullern
Simensbrekka,Gamle Oslo
Simensbråtveien,Nordstrand
Simon Darres vei,Alna
Singasteinveien,Nordstrand
Sinsenterrassen,Grünerløkka
Sinsenveien,Grünerløkka / Bjerke
Siriusveien,Nordre Aker
Sisikveien,Søndre Nordstrand
Sjampinjongstien,Bjerke
Sjøgangen,Frogner
Sjøgata,Frogner
Sjøgaten,Sentrum
Sjølystveien,Frogner / Ullern
Skabos vei,Ullern
Skansebakken,Nordstrand
Skansen terrasse,Alna
Skansestien,Alna
Skanseveien,Stovner
Skappels vei,Østensjø
Skaret,Vestre Aker
Skarpsnogata,Frogner
Skarskroken,Oslomarka
Skausnaret,Søndre Nordstrand
Skedsmogata,Gamle Oslo
Skibakkeveien,Nordre Aker
Skiensgata,Sagene
Skiferveien,Nordstrand
Skigardveien,Østensjø
Skillebekk,Frogner
Skinnerbakken,Nordstrand
Skippergata,Sentrum
Skjelderups gate,Grünerløkka
Skjellveien,Nordstrand
Skjerstadveien,Vestre Aker
Skjoldgaten,Sagene
Skjoldveien,Nordre Aker
Skjønnhaugveien,Nordstrand
Skogbakken,Nordstrand
Skogbrynet,Ullern
Skogfaret,Ullern
Skogholtveien,Nordstrand
Skogroveien,Nordstrand
Skogryggveien,Vestre Aker
Skogstien,Stovner
Skogvollveien,Bjerke
Skolebakken,Nordre Aker
Skolegaten,Sentrum
Skolestien,Vestre Aker
Skolestredet,Sentrum
Skoleveien,Nordstrand
Skovveien,Frogner
Skrabben,Østensjø
Skrenten,Nordstrand
Skråningen,St. Hanshaugen
Skullerudbakken,Østensjø
Skullerudskogen,Østensjø
Skullerudstubben,Østensjø
Skullerudveien,Østensjø
Skuronnveien,Østensjø
Skøyen allé,Østensjø
Skøyenbakken,Østensjø
Skøyenbrynet,Østensjø
Skøyenkneika,Østensjø
Skøyenkroken,Østensjø
Skøyenstubben,Ullern
Skøyensvingen,Ullern
Skøyen terrasse,Ullern
Skøyenveien,Ullern
Skøyenåsveien,Østensjø
Skådalsveien,Vestre Aker
Slalåmveien,Ullern
Sledemeien,Bjerke
Slemdalsveien,Frogner / Vestre Aker
Slemdalsvingen,Vestre Aker
Sletteløkka,Bjerke
Slettenveien,Nordstrand
Slimeveien,Søndre Nordstrand
Slireveien,Nordstrand
Sloreåsen,Søndre Nordstrand
Sluttstykket,Søndre Nordstrand
Slyngveien,Vestre Aker
Slåmotgangen,Grünerløkka
Slåtteveien,Stovner
Smalgangen,Gamle Oslo
Smalgangen,Gamle Oslo
Smalgangen,Sentrum
Smalvollveien,Alna
Smalåkeren,Søndre Nordstrand
Smedbergveien,Østensjø
Smedgangen,St. Hanshaugen
Smedgata,Gamle Oslo
Smedhaugen,Vestre Aker
Smed Kjeldsens vei,Nordstrand
Smedkroken,Sentrum
Smedstusvingen,Nordstrand
Smedveien,Søndre Nordstrand
Smeltedigelen,Gamle Oslo
Smestadhagan,Vestre Aker
Smestadveien,Vestre Aker
Smithebakken,Frogner
Smithsvingen,Ullern
Smiuvegen,Stovner
Smålensgata,Gamle Oslo
Snargangen,Vestre Aker
Snarveien,Nordre Aker
Snekkergangen,St. Hanshaugen
Snipemyrlia,Søndre Nordstrand
Snipemyrveien,Søndre Nordstrand
Snippen,Grünerløkka
Snipp-Møllers vei,Østensjø
Snorres gate,St. Hanshaugen
Snøggveien,Søndre Nordstrand
Soelvolds vei,Ullern
Sofienberggata,Grünerløkka
Sofies gate,St. Hanshaugen
Sognsvannsveien,Nordre Aker / Vestre Aker
Sognsveien,St. Hanshaugen / Nordre Aker
Solbakken allé,Stovner
Solbakkeveien,Østensjø
Solbergliveien,Østensjø
Solefallsveien,Grünerløkka
Soleglad,Alna
Solemskogveien,Oslomarka
Solfjellsbakken,Nordstrand
Solfjellshøgda,Nordstrand
Solhauggata,Grünerløkka
Solheimgata,Frogner
Solkroken,Alna
Sollerudveien,Ullern
Solligata,Frogner
Solligrenda,Nordre Aker
Solskinnskroken,Vestre Aker
Solskinnsveien,Vestre Aker
Solstugrenda,Alna
Solvangveien,Nordstrand
Solveien,Nordstrand
Solørgata,Gamle Oslo
Solåsveien,Østensjø
Sommerrogata,Frogner
Sondrevegen,Ullern
Sons gate,Gamle Oslo
Sophus Lies gate,Frogner
Sophus Aars' vei,Nordre Aker
Sorgenfribakken,St. Hanshaugen
Sorgenfrigata,Frogner
Spektrumveien,Alna
Spikerveien,Nordre Aker
Spiralen,Nordstrand
Spireaveien,Bjerke
Sponhoggbakken,Ullern
Sponhoggveien,Ullern
Sponstugrenda,Søndre Nordstrand
Sponstuveien,Søndre Nordstrand
Sportsstien,Stovner
Sportsveien,Ullern
Sporveisgata,Frogner / St. Hanshaugen
Spångbergveien,Nordre Aker
Stabburveien,Nordre Aker
Stabelkroken,Sentrum
Staffeldts gate,Frogner
Stalheimbakken,Nordstrand
Stallerudveien,Østensjø
Stamhusveien,Nordstrand
Standardveien,Bjerke
Stanseveien,Grorud
Starveien,Stovner
Stasjonsveien,Vestre Aker
Statsråd Mathiesens vei,Bjerke
Staudeveien,Nordre Aker
Stavangergata,Sagene
Steenstrups gate,Grünerløkka
Steinbakken,Bjerke
Steinborgveien,Østensjø
Steingardveien,Nordre Aker
Steingrims vei,Nordstrand
Steinhammerveien,Nordstrand
Steinliveien,Nordstrand
Steinspranget,Nordstrand
Stenbråtveien,Nordstrand / Søndre Nordstrand
Stenersgata,Sentrum
Stensberggata,St. Hanshaugen
Stensgata,St. Hanshaugen
Stensrudlia,Søndre Nordstrand
Stensrudsvingen,Søndre Nordstrand
Stensrudåsveien,Søndre Nordstrand
Stien,Nordstrand
Stiftamtsmann Kaas' vei‎,Nordre Aker
Stigenga,Stovner
Stigengbakken,Stovner
Stiklestadgata,Gamle Oslo
Stjerneblokkveien,Alna
Stjernemyrveien,Alna
Stjerneveien,Vestre Aker
Stockfleths gate,Sagene
Stockholmgata,Grünerløkka
Stolmakergata,Grünerløkka
Stordamsnaret,Østensjø
Stordamveien,Østensjø / Alna
Store Ringvei,
Storgata,Sentrum / St. Hanshaugen / Grünerløkka
Storkenebbveien,Nordre Aker
Stormyrveien,Alna
Storoveien,Nordre Aker
Stortingsgata,Sentrum
Storåssvingen,Nordstrand
Storåsveien,Nordstrand
Stovner senter,Stovner
Stovnerbakken,Stovner
Stovnerfaret,Stovner
Stovnerlia,Stovner
Stovnerveien,Stovner
Strandbakken,Sentrum
Stranden,Frogner
Strandgata,Sentrum
Strandgaten,Sentrum
Strandhaugen,Nordstrand
Strandpromenaden,Frogner
Strømsborgveien,Frogner
Strømsbråtaveien,Oslomarka
Strømstadgata,Grünerløkka
Strømsveien,Gamle Oslo / Bjerke / Alna
Stubben,Sentrum
Stubben,Vestre Aker
Stubberudveien,Alna
Stupinngata,Gamle Oslo
Sturlas vei,Vestre Aker
Stuttvegen,Nordstrand
Stølsvegen,Bjerke
Støperigata,Frogner
Støttumveien,Nordstrand
Stålfjæra,Grorud
Stålverkskroken,Gamle Oslo
Stålverksveien,Gamle Oslo
Stårputtveien,Oslomarka
Suhms gate,Frogner / St. Hanshaugen
Sukkerhusgata,Sentrum
Sukkertoppveien,Grünerløkka
Sundes gate,Sagene
Sundveien,Nordstrand
Sunnmørgata,Grünerløkka
Surstoffveien,Gamle Oslo
Svalbardveien,Vestre Aker
Svaleveien,Nordstrand
Svaneveien,Østensjø
Svartdalsveien,Østensjø
Svartorseterveien,Oslomarka
Svartrostveien,Vestre Aker
Sveavegen,Søndre Nordstrand
Sveiserveien,Østensjø
Sveiva,Stovner
Sven Bruns gate,Frogner
Sven Oftedals vei,Bjerke
Svensenga,Nordre Aker
Svenskerudveien,Østensjø
Svenskestien,Nordstrand
Svenstuveien,Vestre Aker
Sverdfegerbakken,Sentrum
Sverdrups gate,Grünerløkka
Sveriges gate,Gamle Oslo
Sverre Iversens vei,Grorud
Sverres gate,Gamle Oslo
Sverrestien,Vestre Aker
Svingen,Gamle Oslo
Svingen terrasse,Vestre Aker
Svinten,Nordstrand
Svoldergata,Frogner
Svovelstikka,Gamle Oslo
Symreveien,Nordstrand
Syrenveien,Nordre Aker
Søberggangen,Sentrum
Sølve Solfengs vei,Grorud
Sømveien,Nordre Aker
Søndre gate,Grünerløkka
Søndre Rød,Vestre Aker
Sørbråtveien,Oslomarka
Sørbyhaugen,Ullern
Søren Bulls vei,Alna
Sørengkaia,Gamle Oslo
Søren Jaabæks gate,Sagene
Sørhellinga,Oslomarka
Sørkedalsveien,Frogner / Ullern / Vestre Aker / Oslomarka
Sørlibakken,Nordstrand
Sørligata,Gamle Oslo
Sørlistien,Nordstrand
Sørliveien,Søndre Nordstrand
Sørsletta,Vestre Aker
Sørstien,Oslomarka
Sørsvingen,Oslomarka
Sørumgata,Gamle Oslo
Sørvangen,Ullern
Tallbergveien,Nordstrand
Tamburveien,Nordre Aker
Tangenveien,Oslomarka
Tangerudbakken,Stovner
Tangerudveien,Stovner
Tante Ulrikkes vei,Stovner
Teatergata,St. Hanshaugen
Teglverksgata,Grünerløkka
Teglverkskroken,Gamle Oslo
Teisenveien,Alna
Telavåggata,Grünerløkka
Telemarksvingen,Gamle Oslo
Telesvingen,Ullern
Telthusbakken,St. Hanshaugen
Tennisveien,Vestre Aker
Teppaveien,Grorud
Terminalveien,Alna
Terneveien,Grünerløkka
Terningbekk,Frogner
Terrasseveien,Østensjø
Tertitten,Nordstrand
Tevlingveien,Alna
Thaulows vei,Vestre Aker
Theodor Dahls vei,Vestre Aker
Theodor Løvstads vei,Frogner
Thereses gate,St. Hanshaugen
Th. Kittelsens vei,Ullern
Thomas Heftyes gate,Frogner
Thomas Ulvens vei,Søndre Nordstrand
Thomles gate,Frogner
Thorleif Haugs vei,Vestre Aker
Thorleifs allé,Nordre Aker
Thorn Dønhaugs vei,Søndre Nordstrand
Thor Olsens gate,St. Hanshaugen
Thorvald Erichsens vei,Ullern
Thorvald Meyers gate,Sagene / Grünerløkka
Thulstrups gate,St. Hanshaugen
Thunes vei,Ullern
Thurmanns gate,Sagene
Thygesons vei,Østensjø
Tidemands gate,Frogner
Tingstuveien,Ullern
Tiriltunga,Søndre Nordstrand
Tirilveien,Nordre Aker
Tittutgrenda,Alna
Tittutveien,Alna
Tiurveien,Nordre Aker
Tjernfaret,Grorud
Tjernlia,Søndre Nordstrand
Tjernveien,Grorud
Tjonerudbakken,Stovner
Tjonerudveien,Stovner
Tjuvholmen allé,Frogner
Toftdahls vei,Østensjø
Toftes gate,Grünerløkka
Tokerudberget,Stovner
Tokeruddalen,Stovner
Tokerudveien,Stovner
Tollbugata,Sentrum
Tomines vei,Stovner
Tomm Murstadbakken,Oslomarka
Tomtegangen,Sentrum
Tomtegata,Sentrum
Tomtekaia,Gamle Oslo / Sentrum
Tomtestredet,Sentrum
Tomteveien,Sentrum
Tonsenveien,Nordre Aker
Toppen,Nordstrand
Toppåsveien,Søndre Nordstrand
Torbjørns vei,Stovner
Tordenskiolds gate,Sentrum
Tore Hals Mejdells vei,Vestre Aker
Tore Hunds vei,Grünerløkka
Tores vei,Østensjø
Torggata,St. Hanshaugen / Grünerløkka
Torgny Segerstedts vei,Nordre Aker
Tor Jonssons veg,Østensjø
Torjusbakken,Ullern
Tormod Knutsons vei,Grorud
Tormods vei,Nordstrand
Torsborgveien,Nordstrand
Tors gate,Frogner
Torshovgata,Sagene
Torstølveien,Oslomarka
Torvbakkgata,Grünerløkka
Tostrups gate,Frogner
Tostrup terrasse,Frogner
Totengata,Gamle Oslo
Traktorveien,Østensjø
Traneveien,Grünerløkka
Trappa,Gamle Oslo
Trappene,Nordstrand
Trasoppterrassen,Østensjø
Trasoppveien,Østensjø
Traverveien,Bjerke
Trekanten,Grorud
Trelastgata,Gamle Oslo
Treschows gate,Sagene
Treskeveien,Østensjø
Trestegveien,Stovner
Trettebakken,Vestre Aker
Trikkestien,Nordstrand
Trimmen,Alna
Trimveien,Nordre Aker
Tripolis,Sentrum
Trolldalsveien,Østensjø / Alna
Trollfaret,Nordre Aker
Trollstien,Søndre Nordstrand
Trollsvingen,Nordre Aker
Trollvannsveien,Nordre Aker
Trollåsveien,Østensjø
Tromsøgata,Grünerløkka
Trondheimsveien,Grünerløkka / Sagene / Nordre Aker / Bjerke / Grorud / Stovner
Trostefaret,Vestre Aker
Trosterudstien,Vestre Aker
Trosterudveien,Vestre Aker
Trudvangveien,Frogner
Trygve Nilsens vei,Alna
Trygve Ryens vei,Østensjø
Trygve Strømbergs vei,Søndre Nordstrand
Tryms vei,Nordre Aker
Trysilgata,Gamle Oslo
Tryvannsveien,Oslomarka
Trøndergata,Sagene
Tråkka,Vestre Aker
Tuengen allé,Vestre Aker
Tuengveien,Vestre Aker
Tullins gate,Sentrum
Tunfaret,Vestre Aker
Tungebråtveien,Nordstrand
Tunis,Sentrum
Tunveien,Ullern
Turbinveien,Gamle Oslo
Turterfaret,Oslomarka
Tusentrippen,St. Hanshaugen
Tussefaret,Nordstrand
Tverrbakken,Sagene
Tverrvei 1,Nordre Aker
Tverrvei 2,Nordre Aker
Tverrvei 3,Nordre Aker
Tverrvei 4,Nordre Aker
Tvetenveien,Gamle Oslo / Alna / Østensjø
Tyribakken,Ullern
Tyrihansveien,Nordre Aker
Tyristubbveien,Østensjø
Tyskestrandveien,Ullern
Tyslevkroken,Nordstrand
Tyslevveien,Nordstrand
Tønsberggata,Sagene
Tørtbergveien,Søndre Nordstrand
Tøyenbekken,Gamle Oslo
Tøyengata,Gamle Oslo
Tårngata,Bjerke
Tårnveien,Vestre Aker
Tåsen allé,Nordre Aker
Tåsen terrasse,Nordre Aker
Tåsenveien,St. Hanshaugen / Nordre Aker
Uelands gate,St. Hanshaugen / Sagene
Ugleveien,Nordre Aker
Ulfstens gate,Frogner
Ullagerveien,Grünerløkka
Ullensakergata,Gamle Oslo
Ullern allé,Ullern
Ullernchauséen,Ullern
Ullernfaret,Ullern
Ullern Gårds vei,Ullern
Ullernkammen,Ullern
Ullernkollen,Ullern
Ullernveien,Ullern
Ullevålsalléen,Nordre Aker
Ullevålseterveien,Oslomarka
Ullevålsveien,St. Hanshaugen
Ullveien,Vestre Aker
Ulsholtstien,Alna
Ulsholtveien,Alna
Ulsrudfaret,Østensjø
Ulsrudkollen,Østensjø
Ulsrudveien,Østensjø
Ulvengfaret,Stovner
Ulvensplitten,Bjerke
Ulvenveien,Alna / Bjerke
Ulvestugata,Oslomarka
Underhaugsveien,Frogner
Ungers gate,St. Hanshaugen
Universitetsgata,Sentrum
Unnarennet,Østensjø
Uranienborg terrasse,Frogner
Uranienborgveien,Frogner
Urtegata,Gamle Oslo
Urtestien,Nordstrand
Ustvedts vei,Nordre Aker
Utfartsveien,Bjerke
Utmarkveien,Østensjø
Utsikten,Gamle Oslo / Nordstrand
Utsynsveien,Nordstrand
Vahls gate,Gamle Oslo
Valborgs vei,Østensjø
Valdresgata,Grünerløkka
Valhallveien,Gamle Oslo
Valkyriegata,Frogner
Vallefaret,Gamle Oslo
Vallegata,St. Hanshaugen
Valmueveien,Østensjø
Vangen,Nordstrand
Vardalsgata,Gamle Oslo
Vardeheimveien,Stovner
Vardeveien,Nordstrand
Vardøgata,Grünerløkka
Vargveien,Nordstrand
Vaskeribakken,Nordstrand
Vaskeribakken,St. Hanshaugen
Vassfaret,Vestre Aker
Vaterlands Storgade,Sentrum / St. Hanshaugen / Grünerløkka
Vedøgata,Frogner
Veita,Nordre Aker
Veitvetstubben,Bjerke
Veitvetsvingen,Bjerke
Veitvetveien,Bjerke
Veivokterstien,Alna
Vekslerveien,Grünerløkka
Veksthusfløtten,Bjerke
Vekterveien,Østensjø
Velhusveien,Østensjø
Vendomveien,Nordstrand
Vennerbakken,Oslomarka
Vennerliveien,Oslomarka
Vennersborgveien,Ullern
Venåsvegen,Alna
Verkseier Furulunds vei,Alna
Verksgata,Grünerløkka
Verkstedveien,Ullern
Veslefrikkveien,Nordre Aker
Veslekleiva,Vestre Aker
Veslekroken,Ullern
Vesleveien,Alna
Vestagløttveien,Nordstrand
Vestbrynet,Nordstrand
Vestbysvingen,Grorud
Vestbyveien,Grorud
Vestenghaugen,Ullern
Vestengsvingen,Nordstrand
Vestengveien,Nordstrand
Vesterstien,Alna
Vesteråsveien,Ullern
Vestfoldgata,Gamle Oslo
Vestgrensa,Nordre Aker
Vestheimgata,Frogner
Vestlia,Nordstrand
Vestlisvingen,Stovner
Vestliveien,Vestre Aker
Vestre Elvebakke,Grünerløkka
Vestre Haugen,Alna
Vestre Holmen vei,Vestre Aker
Vestveien,Ullern
Vetlandsfaret,Østensjø
Vetlandsveien,Østensjø
Vettaliveien,Vestre Aker
Via Nova,Nordstrand
Vibes gate,Frogner
Victoria terrasse,Sentrum
Vidars gate,St. Hanshaugen
Vidjeveien,Nordstrand
Vidsynveien,Grünerløkka
Viggo Hansteens vei,Vestre Aker
Vikengata,Gamle Oslo
Vikingveien,Nordstrand
Vilberggrenda,Østensjø
Vilbergveien,Østensjø
Villaveien,Vestre Aker
Vindernveien,Vestre Aker
Vingolfveien,Nordstrand
Vinkelgaten,Sentrum
Vinkelveien,Nordre Aker
Vinterveien,Søndre Nordstrand
Vitaminveien,Sagene
Vognmannsgata,Sentrum
Vogts gate,Sagene / Grünerløkka
Voksenhagen,Vestre Aker
Voksenkollveien,Vestre Aker
Voksenliveien,Vestre Aker
Vollaveien,Alna
Vollebekkveien,Bjerke
Volvat terrasse,Ullern
von der Lippes gate,St. Hanshaugen
von Øtkens vei,Nordstrand
Vossegata,Sagene
Vækerø terrasse,Ullern
Vækerøveien,Ullern
Vækerøåsen,Ullern
Væringkleiva,Gamle Oslo
Vøyensvingen,Sagene
Vågebyveien,Grünerløkka
Våghalsen,Sagene
Vålerenggata,Gamle Oslo
Vålveien,Nordre Aker
Våronnveien,Østensjø
Vårsvingen,Nordstrand
Vårveien,Nordstrand
Waldemar Thranes gate,St. Hanshaugen / Grünerløkka / Sagene
Waldemars hage,Grünerløkka
Wedels vei,Frogner
Welding Olsens vei,Østensjø
Welhavens gate,Frogner
Wergelandsveien,Sentrum / St. Hanshaugen
Wessels gate,St. Hanshaugen
Westye Egebergs gate,St. Hanshaugen
Wetlesens vei,Østensjø
Wildenveybakken,Vestre Aker
Wilhelm Færdens vei,St. Hanshaugen
Wilhelms gate,St. Hanshaugen
Wilhelm Stenersens vei,Alna
Wilses gate,St. Hanshaugen
Wilsters vei,Bjerke
Wismargata,Gamle Oslo
Wolffs gate,St. Hanshaugen
Wyllerveien,Oslomarka
Ymers vei,Nordre Aker
Youngs gate,St. Hanshaugen
Ytre Ringvei,Alna / Østensjø
Zetlitz' gate,St. Hanshaugen
Zinoberstubben,Oslomarka
Zinoberveien,Oslomarka
Ødegårdsveien,Søndre Nordstrand
Øgårdsveien,Nordstrand
Øivinds vei,Bjerke
Økernkroken,Bjerke
Økernliveien,Bjerke
Økern torgvei,Bjerke
Økernveien,Grünerløkka / Bjerke
Ørakerfaret,Ullern
Ørakerstien,Ullern
Ørakerveien,Ullern
Øraveien,Vestre Aker
Østbakken,Ullern
Østbyfaret,Østensjø
Østbyveien,Østensjø
Østdalsveien,Østensjø
Østensjø terrasse,Østensjø
Østensjøveien,Gamle Oslo / Alna / Østensjø
Østerdalsgata,Gamle Oslo
Østerlisvingen,Nordstrand
Østerli terrasse,Nordstrand
Østerliveien,Nordstrand
Østfoldgata,Gamle Oslo
Østgaards gate,Sagene
Østhellinga,Nordre Aker
Østhornveien,Nordre Aker
Østmarkveien,Østensjø
Østre Aker vei,Bjerke
Østre Elvebakke,Grünerløkka
Østreheimsveien,Bjerke
Østre Holmensvingen,Vestre Aker
Østre vei,Østensjø
Østvangveien,Bjerke
Østvollveien,Nordstrand
Øverliveien,Søndre Nordstrand
Øvrefoss,Grünerløkka
Øvre gate,Grünerløkka
Øvre Hammersborggate,St. Hanshaugen
Øvre Langås vei,Nordre Aker
Øvre Ljanskoll vei,Nordstrand
Øvre Lunden,Bjerke
Øvre Myrhaugen,Vestre Aker
Øvre Prinsdals vei,Søndre Nordstrand
Øvreseterveien,Oslomarka
Øvre Skjoldvei,Nordre Aker
Øvre Skogvei,Ullern
Øvre Slottsgate,Sentrum
Øvre Smestadvei,Vestre Aker
Øvre Stabburvei,Nordre Aker
Øvre Ullern terrasse,Ullern
Øvre Vaskegang,Grünerløkka
Øvre Vollgate,Sentrum
Aagots vei,Østensjø
Åkebergveien,Gamle Oslo
Åkerøveien,Bjerke
Ålesundgata,Sagene
Ålmoveien,Ullern
Ålovs vei,Grünerløkka
Åmotveien,Nordre Aker
Årrundkroken,Bjerke
Årrundveien,Bjerke
Årvollia,Bjerke
Årvollveien,Bjerke
Åsaveien,Frogner
Åsbakken,Ullern
Åsbrekka,Vestre Aker
Åsbråten,Søndre Nordstrand
Åsbråtstien,Søndre Nordstrand
Åsdalsveien,Nordstrand
Åsengata,Sagene
Åsensvingen,Nordre Aker
Åsjordet,Ullern
Åslandhellinga,Søndre Nordstrand
Åslandkroken,Søndre Nordstrand
Åslandveien,Søndre Nordstrand
Åsliveien,Nordstrand
Aasmund Vinjes vei,Vestre Aker
Åsryggen,Nordstrand
Åssiden terrasse,Nordstrand
Åsstubben,Ullern
Aasta Hansteens vei,Stovner
